,ret,vola,sharpe,imeu,ceu,smea,iusa,csspx,phau,ibtm,ibgm,emg,em15,ibgl
8,0.11664106792861717,0.14492399726149507,0.7358413371403101,0.0899012800113485,0.06484808523726762,0.0018863063467476882,0.43239200418688967,0.4109723242177465,,,,,,
15,0.07963788736762517,0.10773366006410035,0.6463893209066822,0.011259554821800218,0.14603676129298038,0.12609782306479725,0.4125972082331371,,0.30400865258728493,,,,,
6,0.07885461946974971,0.10120476249898333,0.680349597880252,0.007679927019466974,0.10996812790590313,0.21470928085664617,0.36562139703421975,,,0.3020212671837641,,,,
20,0.08853337773249154,0.1269094085052788,0.6188144650380665,0.06214801990818386,0.3844882702151441,0.002035067209451181,0.4563945546685286,,,,0.09493408799869227,,,
17,0.07134543686148237,0.07690342228394666,0.7976944983667915,0.0183830107409711,0.15025296637151306,0.004257183240242946,0.35902955647160195,,,,,0.468077283175671,,
6,0.08556111758130444,0.10721011119816301,0.7047946946127144,0.009518823270291918,0.26517817459615883,0.18036558954479062,0.3068260030673336,,,,,,0.238111409521425,
0,0.06738640515989047,0.08393768596822539,0.68367866588095,0.038847225003737926,0.11009238735421456,0.21240949475914833,0.19509446708752357,,,,,,,0.4435564257953757
7,0.08686125850636177,0.12050468655547092,0.6378279609148717,0.08939670639502571,0.17852514982424525,0.20813853939815524,,0.37181733373072806,0.15212227065184575,,,,,
17,0.08435694479342525,0.10949562317522105,0.6790860003092095,0.135084933909329,0.03442668278249896,0.18934132376066712,,0.40261723103167624,,0.23852982851582874,,,,
19,0.07058055463138738,0.08523871831980429,0.7107163953838117,0.1179197526356239,0.08714552117037119,0.16713331156183397,,0.23547034651579504,,,0.392331068116376,,,
5,0.07438374297260185,0.09702195122464381,0.6635997540755316,0.20917094155186622,0.010849021426956127,0.17230153816668622,,0.28379375300995274,,,,0.3238847458445387,,
10,0.08820322273495253,0.09569875890649235,0.8171811591764239,0.08277266606859526,0.2320869084997658,0.08231309099962372,,0.26805139228591673,,,,,0.3347759421460984,
12,0.0837288176992497,0.09747149380202177,0.7564141558043959,0.00103956069215193,0.267587184905458,0.13544201106447273,,0.28595541357381915,,,,,,0.30997582976409815
10,0.0514949450651245,0.07998652352830801,0.5187742038874715,0.0015255405233873783,0.1416881167897177,0.3107560907837807,,,0.21763932981997738,0.32839092208313686,,,,
11,0.05320859339997855,0.08070431797751677,0.5353938238102195,0.004895116201258826,0.3310749739459257,0.1915565358508618,,,0.10263201872812983,,0.3698413552738238,,,
0,0.04375314051230392,0.06270933941527519,0.5382474257747017,0.0499639244013835,0.20821284346356123,0.04658434475906367,,,0.2618843958815613,,,0.4333544914944303,,
22,0.06605329083106518,0.07122319143279952,0.7870089742321158,0.002235353998847815,0.09495842669162691,0.20553487207862264,,,0.10817294019895705,,,,0.5890984070319455,
4,0.05501398097146114,0.08206225515323327,0.5485345349991588,0.03786416539023433,0.08025592626491053,0.36551738641865505,,,0.03840496903857369,,,,,0.47795755288762637
20,0.04810854135357371,0.06455904232819491,0.5902897561559791,0.06429750012302807,0.10072014186872574,0.24031780945047512,,,,0.269865865247823,0.32479868330994804,,,
3,0.0482716349717646,0.06555535245241417,0.5838064100035998,0.07999906983744559,0.23905397805873163,0.10246547420716728,,,,0.23945542375960538,,0.3390260541370501,,
10,0.06217339814581905,0.07073506080056535,0.7375889347564122,0.15620912675965887,0.06542472550335525,0.1235287337322333,,,,0.1104660772251835,,,0.5443713367795691,
8,0.05002371605032602,0.06657308761014609,0.601199636175898,0.04321740649216618,0.006007876733565346,0.2817846265392405,,,,0.22729389266092676,,,,0.4416961975741012
13,0.040005125883468634,0.0412404244932844,0.7275658835266032,0.05302125136506439,0.09919157979712034,0.040189622343261254,,,,,0.44015072460140287,0.3674468218931512,,
2,0.049699201464555476,0.050802377063984924,0.7814437780057979,0.028168012742965744,0.08918778597321378,0.12012566848293174,,,,,0.5544922059274464,,0.20802632687344236,
23,0.045428059670845296,0.06139853159528143,0.5770180287759193,0.14440901623017127,0.07716116804824859,0.13047825961347267,,,,,0.39532037878429793,,,0.25263117732380963
11,0.0564639862975222,0.060652343705152316,0.7660707477916499,0.04887599749479951,0.013263290754461856,0.2046991138195347,,,,,,0.34136802358005963,0.39179357435114437,
22,0.05196079407648619,0.07177788065857355,0.584592268418755,0.003601458031556163,0.07086849544912058,0.3421460688966931,,,,,,0.2807802303177381,,0.3026037473048922
1,0.06206321641461468,0.07866953809666297,0.6617963912619326,0.11240268407137434,0.03908734631024491,0.27596257686684905,,,,,,,0.3911265494177479,0.18142084333378378
24,0.09249361533524138,0.12238043937544009,0.6740751688443162,0.19045997400271045,0.1050592810213014,,0.10105756525519823,0.4476984729567749,0.15572470676401493,,,,,
17,0.0784254226119557,0.0961334496584578,0.7117753794860898,0.006620534169729652,0.049663454665259496,,0.05408872431921299,0.4193231102455364,,0.47030417660026136,,,,
8,0.09040179978079227,0.0980380100723447,0.8201084428525404,0.07181190059808376,0.05704673703785078,,0.1695437447096813,0.3826463966557122,,,0.3189512209986718,,,
19,0.08775608522129763,0.10068752623428956,0.772251421098252,0.010242990109499382,0.26164405752063186,,0.20245390280955422,0.24381670645004397,,,,0.2818423431102706,,
0,0.10394095944244808,0.10503242954006828,0.8943995664368692,0.09126079880046001,0.010249633990638895,,0.2145762925356497,0.39260613343932166,,,,,0.2913071412339297,
11,0.08169694257084348,0.08739088638543673,0.8204166994556475,0.07668288232670478,0.023590775988851353,,0.3754835970776329,0.09314722677122016,,,,,,0.4310955178355908
10,0.0619398216956903,0.0811964600764065,0.639680863510731,0.02578734291779323,0.2618632681535206,,0.18687057304541574,,0.105001889633211,0.4204769262500594,,,,
16,0.07444220054568164,0.08729024365055822,0.7382520411291066,0.046347066182709944,0.15720942072683064,,0.39223942933376454,,0.13880405149772504,,0.26540003225896974,,,
13,0.06897992385308434,0.0809568191040584,0.7285355885496698,0.04806083139316737,0.16580579957848904,,0.3266736514912047,,0.15690635674789638,,,0.30255336078924266,,
21,0.06984176505451459,0.07049763369330321,0.8488478537429143,0.009579109849180253,0.20397453619919323,,0.13030274923834376,,0.18663024882006934,,,,0.4695133558932134,
4,0.0782256099848038,0.099219455451952,0.6876233060747116,0.1457329146797282,0.14733163084423853,,0.4009979812042489,,0.03673471185227056,,,,,0.2692027614195137
2,0.050820968967562705,0.050758555939765616,0.8042184851752738,0.06132522988324461,0.05530850964263774,,0.1518735351095328,,,0.14132279418659738,0.5901699311779874,,,
0,0.07640968357907027,0.08824395588066068,0.7525692033670994,0.007785648902724761,0.024244765028403836,,0.45487051381187804,,,0.4043753834933715,,0.10872368876362186,,
4,0.07019851767826231,0.06863339192030794,0.877102471464042,0.1197324152220936,0.03276254140450191,,0.18568656085740218,,,0.1910021341655579,,,0.4708163483504444,
16,0.06556020170667545,0.07049591271193113,0.7881336600848368,0.030221655558872577,0.06025895948980225,,0.27658382128307596,,,0.25759497109490165,,,,0.37534059257334756
1,0.047370518794991025,0.03954777503311552,0.9449461762058331,0.02733651801563633,0.005614483243042201,,0.14270576541247634,,,,0.3974470970434179,0.42689613628542716,,
21,0.06835113148904381,0.06914893231514577,0.8438471793477439,0.11184332470194121,0.1357155090225928,,0.18675139261405632,,,,0.23299640645161748,,0.33269336720979226,
2,0.07337337442641936,0.07662160352825645,0.8270953818272492,0.08050420636077553,0.007462942261519602,,0.4056931683735878,,,,0.2175962878448498,,,0.2887433951592673
5,0.07386748307256431,0.07445503337047954,0.8577994016169087,0.05217249089071352,0.17473233912118716,,0.26526506855574344,,,,,0.23749013676732655,0.2703399646650291,
18,0.0727396572312921,0.07370692214511819,0.8512044107304719,0.025098403462858954,0.06079042813613424,,0.40840761973044926,,,,,0.45715332800103203,,0.04855022066952557
11,0.08638585395766767,0.08487212173232157,0.9000111273119957,0.045508167686326234,0.1584978559784203,,0.3459480223678575,,,,,,0.4405149354042315,0.00953101856316457
23,0.07824779122286274,0.0970341935077178,0.703337542733681,0.10849706229661014,0.09759288309549086,,,0.4237806817502212,0.09408520121566888,0.27604417164200884,,,,
2,0.07981008104311688,0.09933818110640874,0.702751754316278,0.1403833720800304,0.11051495943206587,,,0.42163152755252026,0.186555936261053,,0.14091420467433047,,,
24,0.06792478261766127,0.08032219623966247,0.7211553633920491,0.10101040906758683,0.072829282503764,,,0.33307492066587235,0.22033090667266855,,,0.2727544810901083,,
19,0.08025283890943583,0.0766844256776604,0.916129165584946,0.017071216496498638,0.1759830832828715,,,0.2758238009321777,0.14599998314616672,,,,0.3851219161422854,
23,0.07920095167071806,0.09027871557554908,0.766525655903996,0.051717301874538664,0.23809094722740648,,,0.33310691889725486,0.1167174304484132,,,,,0.2603674015523868
0,0.09098561337658796,0.09826717121873454,0.8241370171969307,0.014135975003665329,0.1372196222543405,,,0.5186164130721012,,0.14903825738782703,0.18098973228206608,,,
6,0.0843493724763009,0.09302007764727262,0.7992830618592893,0.09175565484544507,0.1376316025885286,,,0.42334389533187505,,0.023169088498301,,0.3240997587358504,,
8,0.07209284640296912,0.07114701691300619,0.8727399840093379,0.05250269783055377,0.02840010482634743,,,0.26423027855803355,,0.30108895125765817,,,0.35377796752740703,
2,0.06536226535516106,0.07122470723025917,0.777290177917936,0.13064883037633634,0.0063991456885136196,,,0.23876866447861297,,0.06454270727752176,,,,0.5596406521790153
17,0.052600088106083916,0.05180244355454819,0.8223567303582088,0.03689206153256318,0.19894184625021238,,,0.09161136657818769,,,0.2957355438708141,0.3768191817682228,,
9,0.08728977469559593,0.08119951983983524,0.9518501445334748,0.05230763921156431,0.06316672573606684,,,0.4338976860853453,,,0.27490225842692906,,0.17572569054009446,
17,0.0893783823355219,0.0903576895745467,0.8784906155666289,0.03822388566322556,0.10930724031433589,,,0.47670800829637755,,,0.17249552998477724,,,0.2032653357412837
12,0.09278412831318528,0.08321893895782258,0.9947750998741084,0.008951519961194804,0.015138064123250989,,,0.5181454731036441,,,,0.2929920921490743,0.1647728506628358,
14,0.07888107896618628,0.0818665285075936,0.8413826776568052,0.09527642459908522,0.09933572330659084,,,0.37063360441639054,,,,0.29937181190581136,,0.13538243577212208
1,0.10370118008502335,0.0961881502768036,0.9741447342045417,0.03639307293319425,0.04855729584916018,,,0.5510321052418874,,,,,0.31271887091597794,0.051298655059780165
3,0.041371629416767405,0.05605338235730365,0.5596741551971616,0.04796251930956492,0.1671909019660621,,,,0.21834225208654465,0.14864590918385992,0.41785841745396846,,,
14,0.04787528288370868,0.06529583031896025,0.5800566850699908,0.08292260529273829,0.3231760821054981,,,,0.00403857545322521,0.2619358321345415,,0.32792690501399685,,
1,0.056376520718350934,0.06474363742660753,0.7163100894805716,0.1172552877085671,0.16798129754689636,,,,0.15415264973049536,0.1547657324986032,,,0.40584503251543796,
24,0.047566057009464105,0.06394605768361782,0.5874647846991209,0.10383590429722787,0.2161449004660519,,,,0.07990129976857879,0.22578308368724637,,,,0.374334811780895
19,0.038946278924991334,0.04548621586178978,0.6363747429099141,0.13328424001088165,0.09678212375872229,,,,0.09746547303578512,,0.3509799019279558,0.32148826126665514,,
13,0.05472378135098342,0.05805141333615046,0.770416752681067,0.04191951728563083,0.19463803937644134,,,,0.1228586791150483,,0.27931128037672154,,0.36127248384615795,
10,0.044390782137152154,0.05832068764200369,0.5896840988614004,0.12930366260932485,0.15262207562733907,,,,0.06280702403861624,,0.3070593872456584,,,0.3482078504790614
7,0.049325548075945594,0.055316516607330925,0.7109187361724418,0.016983097337918186,0.20090593596447848,,,,0.19106011867946354,,,0.37833907715900533,0.21271177085913445,
15,0.050370818271346256,0.06775743846670071,0.5958138203702378,0.029971920672978804,0.33187027536342406,,,,0.0020807955218545815,,,0.27001454234660305,,0.3660624660951394
8,0.05973522758655887,0.06969706887744613,0.7135913803493266,0.026415936679476653,0.14227989848444217,,,,0.0888092367580741,,,,0.4893971184552605,0.2530978096227466
9,0.037716292045415135,0.03773685095218345,0.7344622390600261,0.040300169774397786,0.07267805620348684,,,,,0.03987750116308497,0.4563700915233229,0.3907741813357075,,
19,0.05431767035872469,0.05613095521981285,0.7895406409025734,0.01848714784529882,0.18042000372997022,,,,,0.19910914726050544,0.25872928975086945,,0.3432544114133561,
2,0.047758109402089,0.06067488898528655,0.6223020764198713,0.03846725575091815,0.2963360234190079,,,,,0.29495738554306633,0.2721353415416577,,,0.09810399374534991
10,0.04868431284274849,0.05145297465889972,0.7518382192516704,0.0053636556154145415,0.21422326551021606,,,,,0.28596533430752646,,0.34854506084070797,0.145902683726135,
8,0.04746174161418885,0.0564510082119571,0.6636151027370656,0.0018712808297290232,0.2950706589602519,,,,,0.07491704468843033,,0.4334242904632314,,0.19471672505835735
0,0.06373677705344102,0.07054881637661105,0.7616963659117646,0.027829006184154202,0.24063750751085067,,,,,0.056041982446771096,,,0.5180426879149843,0.15744881594323973
18,0.04896304706821776,0.05173859425553572,0.7530751004903644,0.09262632597482413,0.147978740217457,,,,,,0.47778363647184635,0.04944298882757814,0.23216830850829442,
3,0.040456285031574106,0.043560407469871554,0.6991735569195288,0.06532399890775455,0.12668649686201353,,,,,,0.35201762920600904,0.3758738352278038,,0.08009803979641904
11,0.053956183176878544,0.06579199600058863,0.6681083695421746,0.09125936857291243,0.26186974055751977,,,,,,0.2430617447307308,,0.20306439064342088,0.2007447554954162
12,0.05839050850861013,0.06639701177218826,0.7288055172518995,0.06274608081376502,0.26819747221982343,,,,,,,0.24666758905769762,0.36761429182116945,0.0547745660875446
13,0.10122543344061885,0.1319019205412247,0.6916156570450178,0.04580813490798301,,0.1730825061493391,0.5933598784155862,0.10435791710193273,0.08339156342515892,,,,,
8,0.0893380933599291,0.11025120732586093,0.7196120140928313,0.05444132484890399,,0.023780281881559718,0.3985052490914171,0.22454544216916883,,0.2987277020089504,,,,
17,0.08425233327339246,0.09451242629291846,0.7856356691475179,0.04961682518242987,,0.041259676482062246,0.5109414392453492,0.04712527234722969,,,0.351056786742929,,,
0,0.07377323549281348,0.08574897063518651,0.7437201288879912,0.05115357929136851,,0.209078487674727,0.28225630357220527,0.0582963006938541,,,,0.39921532876784516,,
4,0.09675834319491416,0.0893892878439263,0.9705675622608633,0.052567564730174064,,0.023707777799763304,0.23885090580503762,0.2543929774799245,,,,,0.43048077418510056,
19,0.07875509697466193,0.08313504931490188,0.8270290033055606,0.04073621080710392,,0.10972010272182282,0.2578401068054313,0.1299115353468319,,,,,,0.46179204431881
14,0.0767813352778276,0.09557937909022987,0.6987002417622317,0.10176293234892195,,0.2036517476098479,0.33166062931551116,,0.08235447386399385,0.28057021686172523,,,,
11,0.06583146357088322,0.0699297235563082,0.7983938836241373,0.10694719882824641,,0.008513260256851299,0.30701694156601167,,0.1838393652506404,,0.3936832340982503,,,
14,0.07449229636846114,0.08493867628070782,0.7592806856952317,0.011888349974117713,,0.23139395592917889,0.31724851788189773,,0.18780449432530683,,,0.25166468188949886,,
22,0.08596751856277642,0.07815230440043647,0.9720445116184208,0.04007284512429445,,0.06117923607328211,0.3589472320335525,,0.1365265233638439,,,,0.403274163405027,
18,0.0683857750213163,0.07104622665215887,0.8217998023620885,0.06931280454714825,,0.05838244645188138,0.26607096396398133,,0.08849871533401536,,,,,0.5177350697029737
5,0.07899858171294691,0.08386651168691987,0.822719108319706,0.018406758282803817,,0.10375665400091662,0.41452873056775064,,,0.24713852221837357,0.21616933493015533,,,
12,0.07667743217624234,0.09065655484187445,0.735494882775359,0.17207050542461133,,0.05701580068567693,0.3877482574248691,,,0.17427151730250498,,0.20889391916233774,,
0,0.07878633452947957,0.07430411556561158,0.9257405731280157,0.08775432118252753,,0.0824024153621511,0.27134292452685405,,,0.18709276528988625,,,0.371407573638581,
1,0.07776717714283446,0.08181494656373862,0.8282982509808262,0.06078543513178852,,0.12441799798692117,0.35315099623264823,,,0.10810372613102791,,,,0.35354184451761433
17,0.06831368525039155,0.06235218301982104,0.935230852011297,0.052677421928300744,,0.009993240391060525,0.34242841714437866,,,,0.44659586810109253,0.1483050524351675,,
3,0.07177308722470901,0.06464226526212029,0.9556145189872766,0.11606410057086201,,0.03236971426731193,0.2309208759155512,,,,0.28203978478234154,,0.3386055244639334,
15,0.07411336802854178,0.07193983848130742,0.8912081175328294,0.07235683544218628,,0.012768998663713449,0.3908378925962309,,,,0.43025358134893177,,,0.09378269194893754
4,0.06332681043233701,0.05290598049583878,1.007954298031228,0.041576744947122546,,0.017293477009933694,0.16628714754813334,,,,,0.4547001762074469,0.32014245428736354,
2,0.06573034115858914,0.06302363761275406,0.8842768089811277,0.05701955131447854,,0.07553938684207809,0.26053652473885036,,,,,0.36523123585310274,,0.24167330125149034
1,0.08867493176373407,0.08568841592300123,0.9181513150439214,0.1161194757726752,,0.030769102621066836,0.40464238578183276,,,,,,0.3323913884552503,0.11607764736917506
2,0.08547700753881739,0.11047568327426051,0.6832001876054712,0.044668177448114084,,0.3470971552344068,,0.3776449866349479,0.004765546318673498,0.22582413436385781,,,,
14,0.1002612031489713,0.13147537041061005,0.6865255664774095,0.21672383833055722,,0.13255336889865124,,0.5710522110572822,0.041485535350126994,,0.038185046363382345,,,
2,0.06852290495762875,0.08142184073362449,0.7187617527475125,0.14685451669734,,0.15710407150493994,,0.2578168740794113,0.04427833863372884,,,0.3939461990845799,,
0,0.08575041895970613,0.08512683681849027,0.889853561941027,0.13855382273766473,,0.011527744076520829,,0.3917717101211627,0.11757448340666525,,,,0.3405722396579865,
4,0.06933039379054706,0.08103344148775081,0.7321717145570766,0.06275293757272564,,0.16583488736786603,,0.28157332996806766,0.19148942657749263,,,,,0.298349418513848
24,0.08293821200472222,0.08669656049458363,0.8413045637407847,0.00035698578541496775,,0.1707454236057412,,0.42548453116525026,,0.09259940558455217,0.3108136538590414,,,
13,0.06436548078218765,0.0654959182858723,0.8300590663512306,0.04227853688679979,,0.1597764144535945,,0.23649549130227288,,0.11697474051283001,,0.44447481684450296,,
10,0.07995576144992142,0.07743845214106586,0.9033724140364585,0.16683327651857063,,0.06048487070528794,,0.22250950603526276,,0.027107618985648622,,,0.5230647277552299,
14,0.08635554462033972,0.09160035893776955,0.8335725482496561,0.02511958131347872,,0.18187214332983012,,0.4180184333195116,,0.08255338823851024,,,,0.29243645379866917
11,0.06853672691003201,0.063893381170254,0.9161626108665569,0.01617563394287233,,0.13104586823207487,,0.2853840327501418,,,0.17625493781403076,0.3911395272608802,,
12,0.07766062986518066,0.07120011949741822,0.9502881503960692,0.11266590127544626,,0.07209754100891926,,0.22677728640907796,,,0.1331738712729636,,0.45528540003359286,
14,0.08111760223894579,0.0817138080341164,0.8703253948127522,0.09719799521844671,,0.02415179763950982,,0.4323528577475244,,,0.32575977728877625,,,0.12053757210574281
9,0.07694197276628824,0.07332437800731974,0.9129565716821443,0.08670806757247848,,0.10374538740714502,,0.2975993984287676,,,,0.3141657918668833,0.19778135472472558,
18,0.08512659585668568,0.08985454992197695,0.8360911709192252,0.06431663103078163,,0.13699532966765743,,0.4210274007154697,,,,0.20837669160769448,,0.16928394697839663
19,0.10055906137095885,0.10157594893410857,0.8915403923984381,0.007097448055967258,,0.20920201205792804,,0.48828597832192266,,,,,0.21424667409858708,0.08116788746559478
19,0.04746756607952761,0.056243544235333134,0.6661665190009461,0.00018461824673878189,,0.2911465110044103,,,0.16173380206860172,0.016755695951116006,0.5301793727291333,,,
9,0.04800111475487287,0.06148472563910128,0.6180578080144512,0.10392888259901784,,0.2647921083524562,,,0.09584869445520608,0.07272712594668489,,0.4627031886466351,,
24,0.06541377405603158,0.07291154387199147,0.7600137250326205,0.0008590698234670248,,0.373808834904584,,,0.14954327847107393,0.06560083790419052,,,0.41018797889668446,
0,0.050046669558189705,0.06894760977522257,0.5808275252578968,0.17765922599309372,,0.20343447743646847,,,0.13927463651842986,0.1369851405262042,,,,0.34264651952580377
18,0.04199439144308559,0.041599816860512784,0.7690993340274817,0.014414024111533119,,0.1553237989086734,,,0.0795210214797473,,0.493971090046305,0.2567700654537412,,
12,0.05327259780387544,0.05648124951278067,0.7661409437141373,0.01193268869164938,,0.2238182528977501,,,0.17341760560989106,,0.35046213070454474,,0.2403693220961646,
1,0.051354012326891046,0.0665430652544167,0.6214623893381022,0.07173609593743371,,0.337481367723002,,,0.03965321836759004,,0.44878566532721453,,,0.10234365264475978
10,0.06011112952269215,0.0640280772732043,0.7826430475004069,0.023575104583745888,,0.28946608304374705,,,0.10877707212145551,,,0.22383155609533967,0.35435018415571184,
14,0.04381983566139122,0.05295588928857337,0.6386416339284994,0.03925401560569541,,0.1284089047201762,,,0.1787164595789779,,,0.3804769479035818,,0.27314367219156876
23,0.06045871979985091,0.06795255843408715,0.7425580576012458,0.10793676585514447,,0.1670441830996032,,,0.13108131833742437,,,,0.42557834222095103,0.16835939048687695
5,0.04709364695782114,0.05175530778215345,0.7167119382992438,0.005325456332522194,,0.26706689955661733,,,,0.2544329593286979,0.15135186433396366,0.3218228204481989,,
24,0.0533836342128121,0.05771606521635804,0.7516734560850866,0.01370046867278772,,0.29462076648630925,,,,0.21945424248505152,0.32792476341818694,,0.14429975893766456,
4,0.05005881650233027,0.05925096152917454,0.6760871970424603,0.04051710576752229,,0.2660061818488557,,,,0.1099737435339929,0.28568716771551866,,,0.29781580113411044
24,0.0534970963534176,0.05701362095681022,0.7629246419266748,0.12658226464633082,,0.1666041195075825,,,,0.20619949533370915,,0.2491114168639923,0.25150270364838534,
14,0.04908023558678164,0.05886670841215246,0.663876690933069,0.06698117711483507,,0.23402363943286295,,,,0.25689223421987745,,0.18747935369456514,,0.25462359553785924
5,0.05523004269998269,0.06315458671380643,0.7161798541244321,0.08267929059064331,,0.13340678192084568,,,,0.3250441738360316,,,0.3083966828875702,0.15047307076490915
22,0.05046918675364989,0.04908902199997047,0.8244040134609778,0.049357546246224536,,0.1358306338808909,,,,,0.41548606106069874,0.15033433740470775,0.24899142140747804,
11,0.04377144903647079,0.05212323014106093,0.6479155061011227,0.05863541199832885,,0.10587301912480711,,,,,0.44757775598993893,0.05538836138015543,,0.3325254515067696
11,0.05826626282294381,0.06243154897623149,0.7731069245345716,0.054165407659942676,,0.1911647665824159,,,,,0.2263991461679211,,0.35768929245383296,0.17058138713588744
13,0.05790842535486337,0.05977655420852363,0.8014584645970113,0.018054053639769148,,0.20477041697913353,,,,,,0.3162566463016976,0.3696305022665366,0.09128838081286303
14,0.09599581029074168,0.11435085649770525,0.7520346845191092,0.10532422187288208,,,0.08507570185642038,0.5538561911695424,0.02790512458044468,0.22783876052071042,,,,
5,0.0858728461546307,0.08949377468003329,0.8478002679616383,0.05942602665287042,,,0.10788448828173225,0.43035446215308115,0.058649381694756184,,0.3436856412175601,,,
17,0.09103173393796371,0.09961545802633814,0.8134453782919823,0.00025184658048354287,,,0.26061367726763845,0.3788186467421652,0.14701536443274751,,,0.2133004649769652,,
7,0.08548323060037631,0.08945680122095805,0.8437953243368601,0.07187858722036566,,,0.3126902885257284,0.17707733797414424,0.16534004881198514,,,,0.27301373746777674,
23,0.08971881814563407,0.09230289780660703,0.8636653890613585,0.014860548676855913,,,0.2562848801687251,0.32088054351509365,0.07725283298150426,,,,,0.33072119465782107
14,0.08246238442825304,0.09232723643255343,0.7848429913873575,0.01881968607209121,,,0.1642269921534996,0.37032367420763523,,0.28514568450098926,0.16148396306578472,,,
15,0.09566596716587039,0.1076067690044584,0.7961020292535784,0.017749858970144704,,,0.3718266045476188,0.31131884200332427,,0.14745915499428686,,0.1516455394846255,,
12,0.09215179994801706,0.082080762058982,1.0008654633223801,0.013443686822767198,,,0.26409399307665626,0.1984761269746723,,0.058354918020851285,,,0.4656312751050529,
3,0.08053327961513657,0.08293386461673027,0.8504762191066142,0.07834289755481841,,,0.11082498883675827,0.32869690699420073,,0.09905988765304961,,,,0.3830753189611728
16,0.07793958969651742,0.07248602687438492,0.9372784331834565,0.011734496952616406,,,0.17246118371623984,0.29111486908210626,,,0.18673146867629958,0.3379579815727379,,
1,0.08079071410707739,0.06623157756528636,1.0688362969657028,0.00808058359925369,,,0.05785077766476905,0.2982043696116453,,,0.28844383010009716,,0.34742043902423475,
7,0.0879637836022264,0.08742541291137018,0.8917748398999756,0.0038071007370417973,,,0.3137967006371251,0.25294946035554167,,,0.2059704318605192,,,0.2234763064097724
2,0.07682216609568802,0.06288914459116624,1.0625389569231674,0.013246852143878352,,,0.07647269055530213,0.21540843122026287,,,,0.2803817426145417,0.41449028346601496,
20,0.09426667120209418,0.09386757631568887,0.8977186213767192,0.02226841314705828,,,0.14664974996047941,0.45245098123004257,,,,0.18149679876344327,,0.19713405689897656
1,0.07678100496343979,0.07332336587857001,0.9107738599184747,0.11383388094592282,,,0.002027284862597258,0.2797739410211347,,,,,0.2628824082627898,0.3414824849075555
3,0.05695417008100406,0.08182381151892697,0.5738448161895138,0.1293062448849363,,,0.30416651113606047,,0.19123301842318294,0.09755571536736228,0.27773851018845797,,,
14,0.06360557746226474,0.08103796575961765,0.6614872049142322,0.0014677488838381004,,,0.35883066354175414,,0.0680027532774374,0.34706170245039597,,0.22463713184657425,,
22,0.06469892459818816,0.0743892784968469,0.7353065616909653,0.10897244433400151,,,0.22909242074523908,,0.1453035051508581,0.15991885618011403,,,0.3567127735897874,
12,0.059644316193314055,0.08191336241777067,0.6060588251782469,0.05485724930542961,,,0.27852546297262093,,0.24982663431990498,0.2353743175206183,,,,0.1814163358814263
22,0.047027194904560546,0.04190615267127932,0.8835741900481692,0.005628209899815463,,,0.1488958911087849,,0.06578775169648335,,0.37133686430298435,0.40835128299193196,,
21,0.06957365853454443,0.0746182668290886,0.7983790171781462,0.017923262028645318,,,0.35396179194291544,,0.04649479291265835,,0.2643201254028948,,0.3173000277128862,
23,0.054976735645314447,0.06590069227839233,0.6824926126013022,0.02199180267424448,,,0.23531939821825912,,0.17691199778588773,,0.22234094586410144,,,0.3434358554575072
18,0.05291637031546198,0.05654967816068322,0.7589144927318092,0.1216126301556675,,,0.054022536603942885,,0.020312254802414977,,,0.40575608984742134,0.3982964885905532,
14,0.06814489890992828,0.08793412164099029,0.6612324979752133,0.0036825346564323532,,,0.44043949832802287,,0.051255114323688296,,,0.03848074819911635,,0.46614210449274
2,0.061999332417469515,0.07686543529899433,0.6764982493782853,0.007662083590358195,,,0.3131664677135506,,0.16742048684448474,,,,0.018290745173446688,0.4934602166781598
20,0.046162225728888395,0.04216904404759105,0.8575538418199973,0.020996259684027616,,,0.1437892705462986,,,0.0544158323178874,0.3518032994127421,0.4289953380390443,,
7,0.05853649648620304,0.06281155720384413,0.7727319405358185,0.08375632440256307,,,0.21690028657514254,,,0.01869301312926012,0.3816016054526311,,0.29904877044040323,
2,0.046935157146483476,0.0651315498019039,0.5670854947996923,0.022021978644721652,,,0.11266408439088263,,,0.319964773002016,0.2333346404461451,,,0.31201452351623465
17,0.05920518907906668,0.06480845538409574,0.7592402686878699,0.10344930298858743,,,0.21344105994375767,,,0.1679935395370116,,0.2626783625929242,0.2524377349377189,
12,0.056041202171081834,0.06277351948086643,0.7334494314137562,0.03932807978604204,,,0.26272253944663987,,,0.16459274728729487,,0.3498405222191282,,0.183516111260895
19,0.06899079002606265,0.07793276718101186,0.7569446352270116,0.06337792238457869,,,0.2985760539709052,,,0.07152315768228756,,,0.3773788047810058,0.18914406118122273
1,0.05176754335791987,0.05260169481403272,0.7940341752406314,0.08873451371575461,,,0.06736466933460622,,,,0.12751369218950864,0.3717852544070799,0.34460187035305073,
6,0.053694794160611764,0.0559392450015422,0.7811116177811683,0.02854400637231466,,,0.2573229675138011,,,,0.23197078378501704,0.38756118776973403,,0.09460105455913302
8,0.05539329130663549,0.06210844884796762,0.7308714377612555,0.10938776241732594,,,0.16720939841991642,,,,0.31765974539564235,,0.2918660282659943,0.11387706550112103
13,0.054779716329053346,0.057845874068789306,0.7741211806360137,0.08613493261468295,,,0.11962704475900882,,,,,0.34820070977588713,0.30168750639984654,0.14434980645057455
16,0.08614480365131902,0.09081199214781313,0.8384884182188121,0.002176902893384904,,,,0.5457528177733115,0.014205162916791693,0.22766886175750092,0.21019625465901098,,,
9,0.057036852889452566,0.06206099242507587,0.7579133212579312,0.06182679803079406,,,,0.25988091815090747,0.07163261837202473,0.2713287478503722,,0.33533091759590167,,
24,0.0820923283996771,0.09173872804733879,0.7858439934165667,0.04512296972511714,,,,0.49184117469862915,0.1749902132434698,0.1887145084893108,,,0.09933113384347307,
24,0.07399091740941607,0.07785128095250538,0.8219635775608487,0.10080342428108185,,,,0.3715834021340157,0.08210595368904222,0.08688635132479025,,,,0.3586208685710701
4,0.056190271101290955,0.05170278311592243,0.8933807489188365,0.05162204815023331,,,,0.23448925799932246,0.07739354085526408,,0.5805610894456833,0.0559340635494969,,
17,0.06749813960019915,0.0584659849432936,0.9834460097775969,0.07479795759832646,,,,0.24042536172560777,0.04983107278040841,,0.3631437726166969,,0.27180183527896046,
1,0.06856025814127976,0.06834158609708124,0.8568759006864896,0.11488347254816327,,,,0.3056748195938776,0.03963833185435212,,0.2410289738113896,,,0.29877440219221746
6,0.07610512808063408,0.07316586987376536,0.9034967833319917,0.1610239821384743,,,,0.3137068374333939,0.017931157884718968,,,0.278922676171156,0.22841534637225674,
5,0.06356426397556254,0.06560621886098504,0.8164510149420658,0.17152610348184177,,,,0.24841369440763802,0.0135339502613693,,,0.3904983786786298,,0.17602787317052124
20,0.09031891743331384,0.08294801564388561,0.9683042663508785,0.042924226341134596,,,,0.457104858065359,0.11629870729996064,,,,0.3326595149974843,0.051012693296061354
22,0.05936356313993974,0.05561152044160135,0.8876499464131231,0.09515424740764734,,,,0.24732352084028325,,0.09568977748077119,0.29047445538339606,0.2713579988879023,,
2,0.06551909902324296,0.057561610686331394,0.9645160787070635,0.03204712950779377,,,,0.2070591952025806,,0.10342787415317906,0.32574252845665475,,0.3317232726797918,
2,0.0705769662356599,0.06531520752963305,0.9274557721978692,0.05597489319400629,,,,0.3470098412383293,,0.030248676689366462,0.4178094075653561,,,0.14895718131294194
6,0.08674790878633826,0.08004539979251618,0.9588047406256291,0.13940840380995165,,,,0.3563323567490075,,0.022031903906701386,,0.06365696776703574,0.4185703677673038,
17,0.07199164834250457,0.06552540304321978,0.9460704621933513,0.005820644876011194,,,,0.36811804590467145,,0.1170424531190108,,0.30140449058440283,,0.2076143655159036
13,0.085765442584797,0.07767455080500327,0.9754217024698482,0.12059462507917725,,,,0.32235827036415377,,0.008657674528710938,,,0.4751042173388033,0.07328521268915468
24,0.07534301193337291,0.060689224545168154,1.0766822681140236,0.011961920584142909,,,,0.32332875037396064,,,0.32881813894084044,0.07819829292772479,0.2576928971733311,
8,0.07147270384899031,0.06183849451778189,0.9940847416864846,0.018354811342532477,,,,0.3529077833575445,,,0.12842368478179558,0.31897549112670326,,0.18133822939142405
14,0.09451714628112502,0.0829268223446956,1.0191774373051345,0.028771486927053256,,,,0.47802654064814215,,,0.04153997143101391,,0.3019970618953514,0.1496649390984392
4,0.08022438915996448,0.06814524769664526,1.0305104395918363,0.020370608790776956,,,,0.3110238272621168,,,,0.12778603429923885,0.37230251087277566,0.16851701877509162
17,0.03707824677457516,0.04100727865043003,0.6603278165665646,0.042713211217884066,,,,,0.035615422038068154,0.09427313062408392,0.42774640128202424,0.39965183483793965,,
7,0.04870129802798205,0.06482912262843818,0.5969739595242524,0.11234647646649784,,,,,0.24900955772111008,0.04226472484721631,0.268943303078482,,0.32743593788669373,
1,0.037358824922007344,0.05480658707186474,0.49918862647172835,0.07879015731814736,,,,,0.07395469969988323,0.24485983417798526,0.5240785921240478,,,0.07831671667993625
9,0.04954019935499902,0.06261915174395959,0.6314393959961806,0.1806118117237317,,,,,0.08478066710847693,0.2690820354539982,,0.10069959914915033,0.36482588656464277,
0,0.03866631608531469,0.05209924381027806,0.5502251854116056,0.16037108332183175,,,,,0.08565717707234145,0.09080789215778363,,0.38770373889194865,,0.2754601085560945
0,0.05464228578776331,0.0735568452456892,0.6069086519229095,0.12578592725378077,,,,,0.2601301951871968,0.07714219541155573,,,0.4695661306963385,0.06737555145112813
9,0.047199101562269724,0.051641643613624034,0.72033147977606,0.04743554025622896,,,,,0.11515514315577575,,0.22704466612184912,0.32116690216156735,0.2891977483045788,
16,0.03822697101286073,0.04876291738203671,0.5788614079775913,0.11312032807681613,,,,,0.13780915672128471,,0.20216107641683362,0.3633856732508923,,0.18352376553417327
2,0.045073922553687265,0.05781114007254979,0.6066983372006057,0.13535061663073522,,,,,0.09233615203204643,,0.32318236573015574,,0.27100768009815607,0.17812318550890657
22,0.053219819376906834,0.06907090796270518,0.625731160219341,0.03274674272925373,,,,,0.2523331561914363,,,0.23739716449191023,0.38831557093107955,0.08920736565632015
24,0.04704192582352781,0.05153345916321363,0.7187937007335541,0.08971890863924709,,,,,,0.0857327417157693,0.198633934632333,0.3002362984584606,0.3256781165541899,
10,0.03650554397225488,0.04063822045298827,0.6522319057478767,0.08028260515830032,,,,,,0.0935867522130067,0.3758382038832978,0.41151892362461184,,0.03877351512078344
6,0.04819496774944571,0.06383240003828254,0.5983633347099411,0.07217581837318442,,,,,,0.2952075818122208,0.24141090361870532,,0.32346353953741513,0.06774215665847429
6,0.04649271928510522,0.05455666187959054,0.668895750360361,0.15703373732543952,,,,,,0.13622593841916664,,0.34312262637570484,0.295063144444146,0.06855455343554308
16,0.046910385698292124,0.055687542839128745,0.6628122523724841,0.13054392480751387,,,,,,,0.2534644973477698,0.1969801992486056,0.358558046673778,0.06045333192233277
10,0.10527444195458001,0.12402871837412922,0.7681643671200994,,0.11507212101999953,0.0420719828086687,0.0819059375177696,0.603138609511833,0.15781134914172917,,,,,
20,0.10511371481996166,0.12494448393964651,0.7612478103947801,,0.16912026779610467,0.0323190999684148,0.24295219762675477,0.4251188771480612,,0.13048955746066446,,,,
6,0.0646341823453912,0.06501341141869216,0.8403524927117298,,0.035269301213526234,0.16926112052651818,0.1341261919545787,0.10945995528841548,,,0.5518834310169615,,,
5,0.0699196124628954,0.07435594882598164,0.8058482664665848,,0.14737386583150702,0.10207839799205007,0.16401492024957007,0.10823604813807432,,,,0.47829676778879854,,
10,0.09584695425909628,0.08249905816043895,1.0405810220541738,,0.03594328769766655,0.022273630241859403,0.12585882715354263,0.3073516096774837,,,,,0.5085726452294478,
17,0.08072154194563894,0.08251583989249385,0.8570662558580127,,0.05130685068871797,0.14506188395298783,0.05898418641485597,0.2859265002694129,,,,,,0.4587205786740254
16,0.07824605877549948,0.1016849449110043,0.6711520455189225,,0.1909297385931477,0.17706054845750557,0.34426979549551423,,0.056296231834779525,0.23144368561905299,,,,
14,0.07047668597265758,0.0827087343195436,0.731200718644866,,0.020173883173890777,0.24235907992021472,0.31035677366339176,,0.11048158718042705,,0.3166286760620755,,,
11,0.06447714152077895,0.07038891013553515,0.7739449497922641,,0.056580681853915564,0.08897516871966833,0.2893124677278715,,0.19987753169497666,,,0.36525415000356803,,
0,0.09111609137939507,0.08858254936143169,0.9157118638393188,,0.08090168222804749,0.08022358400592015,0.42722042731030935,,0.022342869437950306,,,,0.38931143701777265,
4,0.07700136056024409,0.08507321309386862,0.7875729401017887,,0.13234592238947365,0.08914862008959004,0.3576871830258774,,0.04505148065381235,,,,,0.37576679384124656
9,0.06411148642706392,0.06945429327859097,0.7790949108072429,,0.07389116203767851,0.09282575000470855,0.260131407719143,,,0.2806089506745095,0.2925427295639603,,,
9,0.05877633573674197,0.05672492198058768,0.8598748845072742,,0.010550546010406996,0.07165081823189734,0.2361524986904793,,,0.23964911424019536,,0.4419970228270209,,
7,0.07001779920165999,0.07214434944135302,0.8319126815392403,,0.20863335779888303,0.13200095944922577,0.07855591042772994,,,0.13291312081698461,,,0.44789665150717667,
10,0.07625882217738383,0.08324930043376139,0.7959084560728977,,0.1699414530477646,0.04336879221830857,0.34866366701101204,,,0.06833447357175809,,,,0.36969161415115676
11,0.051341663520241845,0.045196256820708346,0.9147143243353645,,0.07169828965656473,0.05066091079967765,0.14259572242089383,,,,0.4527255330555688,0.28231954406729504,,
17,0.07926487132194465,0.06939282951560398,0.9981560314725234,,0.032133655645721154,0.014672819448304364,0.37660050601517464,,,,0.2856122556230339,,0.29098076326776606,
7,0.05854858934021978,0.05663447240808488,0.8572268315735065,,0.07005052530092096,0.04758030685245558,0.19652236728658684,,,,0.4068880595398734,,,0.27895874102016316
2,0.08831426732603502,0.08530332254416387,0.91806819465314,,0.14340832629245218,0.029053896956879127,0.39351634715639644,,,,,0.05612244441096312,0.3778989851833091,
10,0.0803336174522477,0.08314141239689095,0.8459516794891231,,0.014581774190365585,0.08136220530749771,0.45298300340076975,,,,,0.11838812458776518,,0.3326848925136016
7,0.07327574946226363,0.07009046347036114,0.9027725931505758,,0.042190592980651746,0.03546229818086876,0.24113146007164135,,,,,,0.32597434678267495,0.35524130198416326
11,0.07854824565692636,0.0945096603036508,0.7253041163907181,,0.11606565230049673,0.07260862322708762,,0.4154720505493851,0.14525361088135813,0.2506000630416725,,,,
17,0.08045265882935634,0.08844856985182688,0.7965381345044006,,0.09091246434843796,0.16950609848273868,,0.36663900740164174,0.07190802469787104,,0.30103440506931056,,,
8,0.07518230956999324,0.08254475335151569,0.7896602379125816,,0.13242425595907958,0.051284752965356874,,0.36489647885190046,0.17525817062876065,,,0.27613634159490247,,
10,0.10214375495500601,0.08860320817256602,1.0399595777112758,,0.006566034110871352,0.030421307464025105,,0.5134272383901034,0.013873023157588732,,,,0.4357123968774114,
24,0.09290463115013736,0.0901922643598656,0.9191989106665434,,0.0728274805997974,0.0012426765026268898,,0.5160059212613894,0.00936927885132579,,,,,0.40055464278486047
6,0.06640088757552139,0.0695914749834966,0.810456849619823,,0.2376509755610201,0.03407536695338427,,0.21400765985967726,,0.08748861457721531,0.4267773830487029,,,
24,0.06832633945332321,0.06846034965698786,0.851972561425119,,0.05930709100317124,0.14996483437716632,,0.25931292518942617,,0.09970240356312934,,0.4317127458671069,,
9,0.07489793973205525,0.07457062277592784,0.8702882893584332,,0.17165699422882477,0.03690451428844398,,0.24959276366986477,,0.2770858295609348,,,0.2647598982519317,
19,0.09180465957028817,0.09555048947610796,0.8561406646770043,,0.14156173693398677,0.07932159089947415,,0.44574330048735156,,0.004251539742139603,,,,0.32912183193704797
17,0.06629409008449245,0.061384202135305876,0.9170778168690119,,0.16911259407436724,0.006295684398779617,,0.24498341991889472,,,0.28808496024923963,0.2915233413587188,,
19,0.08786038419319078,0.07482780863556827,1.0405273869824516,,0.02695531973854783,0.0936403961800555,,0.31237495627809136,,,0.07107369690010634,,0.495955630903199,
6,0.0765286212987273,0.07727497712274572,0.8609335618831875,,0.02675504558034122,0.1636835309641109,,0.2956611980895683,,,0.03731416435532052,,,0.47658606101065903
7,0.07807742067162982,0.07740299288624221,0.8795192295946745,,0.11647635727834252,0.14099302669187572,,0.28071351738888706,,,,0.33515986669356285,0.12665723194733186,
6,0.056333561999473335,0.05442389370777662,0.8513459593364732,,0.197588529674402,0.001855978416566119,,0.11472799903528685,,,,0.5064570704732979,,0.17937042240044707
3,0.08014049198277406,0.08242216446995575,0.8509906580813156,,0.21036710945531545,0.14152423767206534,,0.1924608193039336,,,,,0.2692303330141886,0.18641750055449705
1,0.050615744050526476,0.0692741445704412,0.5863045195632329,,0.20633853663492974,0.22641277315725117,,,0.12178705968671716,0.21037270830704735,0.23508892221405456,,,
7,0.048524286105585415,0.06012605982981917,0.6407252731116021,,0.3057696280588016,0.05530411508438737,,,0.02315344621289237,0.2530150929598742,,0.36275771768404447,,
20,0.06542610650847683,0.06849699548003689,0.8091757327462704,,0.18630339902384646,0.11059242498734534,,,0.06301642455418567,0.07890276624554951,,,0.561184985189073,
24,0.048527065881344075,0.06266121295914284,0.6148471129415414,,0.03666763070767455,0.22422891766601527,,,0.07324089594267368,0.2600252887665801,,,,0.4058372669170565
20,0.040202795722783145,0.04282340530921225,0.7052871088765532,,0.10386922841799519,0.05691086112370727,,,0.13849972528868248,,0.377685998610581,0.32303418655903404,,
1,0.0557340758370309,0.05952112846327651,0.7683670827116126,,0.06955335424535,0.16433954981255672,,,0.16466511673502582,,0.23440391334734048,,0.36703806585972704,
0,0.04644415407460409,0.054122464406656856,0.6733646457924705,,0.16825436419605033,0.09682306028935685,,,0.05957668071900195,,0.42794421960108997,,,0.2474016751945009
14,0.06069046267342011,0.07069195606993733,0.7170612540876752,,0.08242389660736828,0.19058491592944107,,,0.25216125926190136,,,0.003237146956721379,0.4715927812445679,
14,0.043899597992207995,0.053344438279056,0.6354851430784977,,0.08204502084894147,0.13228392210229026,,,0.18174493292181887,,,0.39762719620869996,,0.20629892791824944
5,0.05831437058953111,0.06691725941108494,0.722001633281589,,0.12446138031435622,0.11458653064749742,,,0.175879444761199,,,,0.3767798665069262,0.2082927777700213
9,0.04282319316515085,0.04632924326544054,0.7084767816537039,,0.11102629649253254,0.09096993569673774,,,,0.2672157576299453,0.24967233660920493,0.2811156735715794,,
21,0.05642456265312423,0.05777457821993924,0.803546543886358,,0.1711445375444002,0.11828723157558083,,,,0.0375210209346658,0.3556987665583714,,0.31734844338698187,
0,0.046052988072960474,0.05263042004005648,0.6850218570461893,,0.07630407355610654,0.17687050373193866,,,,0.15201452066373602,0.39710803385608123,,,0.19770286819213753
9,0.05397627118058766,0.05363975660313551,0.819844719019792,,0.03818495319039551,0.13235020330858682,,,,0.14415999517349096,,0.3243178888015668,0.3609869595259599,
10,0.046195533095909125,0.05345939404313681,0.6770659066337837,,0.02965647016346964,0.22653871495177771,,,,0.25339987981982826,,0.3125109082719331,,0.1778940267929913
18,0.06221343498069528,0.06969507662897244,0.7491696330094859,,0.1334906598366046,0.23734528897599672,,,,0.13032428278863478,,,0.3548632556859443,0.14397651271281953
4,0.04993554558646318,0.04850333715945769,0.8233566580207178,,0.08741500592195807,0.09013301984946871,,,,,0.2606719456945936,0.3088803587518393,0.2528996697821401,
7,0.03819051742190963,0.03764451753318971,0.7488611694134516,,0.06712623988652008,0.0313905961503831,,,,,0.48530725013077525,0.41443164496197527,,0.0017442688703462395
1,0.06273155571335737,0.06916793397493999,0.7623699694783765,,0.21039218132357018,0.11492071477491064,,,,,0.1071033544640877,,0.42358216599131104,0.14400158344612055
21,0.05871911848478093,0.06204594944044436,0.7852102985633999,,0.07740288099930223,0.14281040528076824,,,,,,0.25380338674655945,0.43439852477476104,0.09158480219860911
1,0.09756463659099342,0.11616186546665132,0.7538156884724977,,0.04550987328624605,,0.339386025222651,0.3675632878937387,0.1485159640596697,0.09902484953769469,,,,
21,0.06572810873978666,0.06529543967048793,0.8534762767663009,,0.04340444042706384,,0.17144263950132704,0.18422796483480533,0.1255721767874196,,0.4753527784493842,,,
1,0.08928278074175876,0.09425641118174394,0.8411393956946522,,0.002933494129806915,,0.2899454310792752,0.32346026624468255,0.09150002381022089,,,0.29216078473601464,,
18,0.08938483100077096,0.08204264458174783,0.9676044867333768,,0.13073496651944247,,0.31236880510587933,0.07412623364111556,0.021057553387808983,,,,0.4617124413457537,
6,0.09989592347474162,0.10439994047117973,0.8610725549173849,,0.059598746552957535,,0.2602666874850096,0.38671913233593364,0.01755566415007236,,,,,0.2758597694760268
20,0.081162072506923,0.08108256140500969,0.8776495373828467,,0.1137375099582094,,0.17041890458944745,0.2791339885122482,,0.00037840991048698395,0.4363311870296079,,,
5,0.08785645184210233,0.08949794551288917,0.8699244591138657,,0.08661925029864126,,0.18638658784196596,0.34047160534504584,,0.016591823809266038,,0.3699307327050809,,
20,0.09013879523213741,0.08024726605091298,0.9986482926570142,,0.00813455425371673,,0.05237555640984576,0.39054219120924183,,0.15724769002500447,,,0.3917000081021913,
5,0.08153871641992287,0.0853450766012562,0.8382289789739306,,0.09855128489173398,,0.26079636087418806,0.19488977495058624,,0.14487760855039836,,,,0.3008849707330935
19,0.08289150790074777,0.0787408058832557,0.9257145273420198,,0.01354156139351188,,0.17250357125717733,0.33591661424305336,,,0.1543530519614408,0.3236852011448167,,
20,0.07960576970263927,0.06924085295306893,1.0052702520839494,,0.1187122643118566,,0.035210335319025655,0.30164629866857656,,,0.335043387585821,,0.20938771411472026,
12,0.08005028693067863,0.07528907043421898,0.9304177422655585,,0.01584957779911315,,0.1878706000899998,0.27007769572847734,,,0.257301025014039,,,0.26890110136837064
9,0.080250068291708,0.06717795745262067,1.0457309354970197,,0.013499885568494867,,0.18869592465774626,0.1940354589170243,,,,0.3128272039686186,0.290941526888116,
4,0.07483613929323488,0.06910915867672804,0.938169998516679,,0.060003429302031695,,0.13227911094918976,0.23889171262259692,,,,0.2685870703229469,,0.3002386768032348
7,0.10120166144051934,0.09283691199580028,0.9823857717784181,,0.01833960929685485,,0.23436005275364305,0.3421629948269034,,,,,0.3266824856163688,0.0784548575062299
4,0.0681732107938315,0.07429861615024348,0.7829649300088728,,0.07675078461440463,,0.34692695717829264,,0.1187954446459068,0.2282409730526449,0.22928584050875114,,,
10,0.06398207238675274,0.06319499123080348,0.8542144137594241,,0.02354778353474972,,0.32398277409286663,,0.10362379500127841,0.17403185781799918,,0.37481378955310607,,
11,0.07907087112810575,0.07321846032946237,0.9433532311019156,,0.18392512917366027,,0.241580638402888,,0.04497891349059937,0.06032858409252035,,,0.469186734840332,
21,0.07108967383952403,0.0775052771464119,0.7882001856998994,,0.20958049303474735,,0.27874064507437485,,0.016611811681110762,0.003351476357984122,,,,0.49171557385178283
4,0.0684197935116764,0.06561945640817655,0.8902815827714928,,0.0014322558539831376,,0.39175756695294933,,0.11806981477054042,,0.31839466419234297,0.17034569823018403,,
22,0.06572185112131082,0.059351286766137545,0.9388482399863068,,0.1455989820794746,,0.1218911137864759,,0.017140624577461322,,0.28706498544858094,,0.42830429410800724,
16,0.0793366665774075,0.0785374195732496,0.8828487993896869,,0.009724395394602653,,0.4702584564668353,,0.014295487909290687,,0.12542843607786647,,,0.38029322415140493
1,0.06881344279835974,0.058465973342133076,1.005943105645284,,0.07425164658689688,,0.25263552754497415,,0.03723792727114914,,,0.36272159300330425,0.27315330559367557,
18,0.06418146975692648,0.059822284281629855,0.9057071358534607,,0.011613513120911996,,0.29866060017306995,,0.021530336557066834,,,0.31899878288874617,,0.34919676726020504
1,0.0738488681945592,0.07033493780826154,0.90778310444542,,0.11521683716825101,,0.27173641939617255,,0.05873805529398556,,,,0.24165756834352653,0.31265111979806437
13,0.05083415482596716,0.045488177089817956,0.8976872110161445,,0.1295265244965447,,0.13015018572828152,,,0.06132796575383943,0.39825654971494034,0.280738774306394,,
6,0.07197190554902966,0.06284312291080262,0.9861366316405132,,0.10563037594304224,,0.25779720697417197,,,0.05724333486184083,0.2713456862543517,,0.30798339596659324,
12,0.07232020881755327,0.07242393807609242,0.860491854945479,,0.0016994344400203087,,0.38648171746082,,,0.1511812970127301,0.08733312723616739,,,0.37330442385026225
4,0.07186775851225688,0.06080817775896747,1.017424971317006,,0.049430606166867945,,0.2875317978221011,,,0.04620022431639223,,0.32376415834514427,0.29307321334949443,
13,0.07230233383889036,0.0720630105083656,0.8645535816416918,,0.03906463230374355,,0.411745317447321,,,0.1653457660304494,,0.37672516645941395,,0.007119117759071989
5,0.07467291757021044,0.06826853287965985,0.9473312936754102,,0.06722803170255366,,0.23704709065037463,,,0.13698420068170652,,,0.4311105912023274,0.12763008576303764
2,0.07261214039228284,0.06017809319299973,1.0404473965547028,,0.012243688725426903,,0.31184471858632046,,,,0.1092434477389269,0.26947357855439086,0.2971945663949348,
12,0.05413168236727818,0.04836486842438092,0.9124739465853944,,0.017839681038640247,,0.1965003628464006,,,,0.396307960588817,0.19910273612271853,,0.19024925940342363
19,0.06625063061473699,0.056584000217794375,0.9941084122406646,,0.040180097784133714,,0.23854002331001453,,,,0.40042647236412166,,0.2461242385557468,0.07472916798598339
3,0.07156057787871607,0.059774126458369416,1.0298867005876005,,0.007266763255396344,,0.25990384371043257,,,,,0.32708479651504835,0.3968991588036373,0.008845437715485483
7,0.06549705640993386,0.06390635740803495,0.8684121370835042,,0.053173344938560824,,,0.32456939331498835,0.10772805412353091,0.0721618227672565,0.4423673848556634,,,
10,0.07857548420871363,0.07641495830732893,0.897409168672367,,0.08030080215458836,,,0.42278728644400904,0.026894918984161645,0.10839605968320326,,0.36162093273403767,,
9,0.08068402104847242,0.0810165412452932,0.8724640667448752,,0.12723842826052081,,,0.3743654798507757,0.06848261585419378,0.22793030361373745,,,0.20198317242077224,
19,0.08118947487473588,0.08955336578183055,0.7949391321390121,,0.19502781642552744,,,0.4017069307127739,0.049410401829448114,0.2235507123289608,,,,0.13030413870328958
13,0.052642407637173295,0.0482429948641575,0.8839087987229166,,0.0574856003643872,,,0.191150432440588,0.13973851724371988,,0.18186403147530023,0.42976141847600463,,
8,0.09423042848522609,0.08255455609608357,1.020300180491456,,0.04624996215306793,,,0.48171776133759353,0.0325223061271885,,0.13726813614891395,,0.3022418342332361,
8,0.07547046074272244,0.068922465254007,0.9499146686270938,,0.04982793736066103,,,0.38224634714842476,0.03988451636221006,,0.3201891346672353,,,0.20785206446146864
24,0.08375433913115035,0.07670208230289256,0.9615689289881112,,0.20942182182485106,,,0.29149926508766816,0.045638193765264776,,,0.11084199540993038,0.34259872391228574,
19,0.06944242164515951,0.06679336780368451,0.8899449690853962,,0.14324518537452793,,,0.284017127976689,0.08341178742127521,,,0.263265407054542,,0.22606049217296598
19,0.08692716045702283,0.08000571108572009,0.9615208641118279,,0.21948911000880417,,,0.29285697058499144,0.007022450369023201,,,,0.3602810276818808,0.12035044135530029
20,0.07127233193390067,0.06344462225837295,0.9657608439116272,,0.054598347978589444,,,0.35372889655619666,,0.07142036380797892,0.12281187384959914,0.39744051780763595,,
4,0.08040355238938196,0.07084576569144772,0.9937580842305845,,0.1207697736948234,,,0.3339122287102313,,0.0765319770406365,0.2282602159518229,,0.240525804602486,
11,0.07518172540994444,0.06996656173149791,0.9316125274253773,,0.044487027379047715,,,0.3817326639834534,,0.09148466229233446,0.27375594041392437,,,0.20853970593124
8,0.06766014261158622,0.05905854590852262,0.9763217452203712,,0.13127711324415506,,,0.1579097620778398,,0.11398796389505989,,0.22402623131611207,0.3727989294668332,
16,0.07181825424892768,0.06428099140344996,0.9616879406998363,,0.05817049438996107,,,0.32845011091263465,,0.04164182732646665,,0.3080371960407091,,0.2637003713302284
16,0.08854737172935467,0.08630240658582432,0.9101411517562078,,0.3004927847986462,,,0.27876586747126925,,0.013094161326351288,,,0.36182643391329283,0.04582075249044044
5,0.07421158392960185,0.05964844035219886,1.0765006352296818,,0.029350125890323042,,,0.32864135553542245,,,0.14214769530566604,0.3293495279529355,0.17051129531565312,
19,0.05832922111483949,0.04716429332823454,1.0246993584425779,,0.0038523401994317746,,,0.2379955796955869,,,0.39968958601438814,0.2917118679595267,,0.06675062613106635
12,0.06930917778639357,0.060788756708430355,0.9756603194052234,,0.15648212518684762,,,0.20090032950594144,,,0.31573357954279224,,0.20879970400211306,0.11808426176230558
14,0.0772390165251924,0.06523313362274029,1.03074944880086,,0.043149355953171875,,,0.3679866175779028,,,,0.42930405957878426,0.10571091051381891,0.05384905637632211
4,0.044193308923236925,0.04985715932003652,0.6858254539483032,,0.2491176560139486,,,,0.08873088870637168,0.16652819832627583,0.286326749491209,0.20929650746219491,,
18,0.060186543993551694,0.06551956642584507,0.7659779624816769,,0.3438684115660611,,,,0.03425924572817477,0.1453330922058689,0.12380782216707689,,0.3527314283328182,
0,0.046510060078182,0.055767991398439895,0.6546776952630817,,0.26510058130680103,,,,0.08412918614955142,0.19212607037320636,0.293430603942927,,,0.1652135582275141
16,0.04958502168210922,0.053368230302745616,0.7417338266146837,,0.1147239498981084,,,,0.03055719582959827,0.27745796187744864,,0.30192602170983013,0.2753348706850145,
5,0.04420846617172476,0.05135599027994677,0.6661046936345868,,0.18952866964968015,,,,0.10390513323275705,0.1498169426799185,,0.3178515569824552,,0.23889769745518913
22,0.05937887889391552,0.06459085250644937,0.7644871832119735,,0.27954245327872235,,,,0.01858890586912559,0.26730423027919953,,,0.3630119205568399,0.07155249001611275
13,0.05345566806396401,0.05359487181165209,0.8108176509252568,,0.19492915607530076,,,,0.036539269508386735,,0.40325546607434276,0.03528084159841072,0.32999526674355906,
14,0.03925712116865017,0.040942854657050755,0.714584300819186,,0.11918557904098087,,,,0.10421145319126068,,0.1008487371840256,0.6252373174288859,,0.05051691315484696
11,0.05783004476391828,0.06151836308238337,0.7774921562829273,,0.28391073944501455,,,,0.06922264798667457,,0.2549043764304525,,0.35344780347543425,0.03851443266242413
5,0.05449941871874096,0.0566849139306102,0.7850310714631076,,0.14466690450347827,,,,0.09332077422836503,,,0.32630554605557976,0.4068815345258233,0.028825240686753593
6,0.05738512903194351,0.05848440014605848,0.8102182618545162,,0.2178294434728145,,,,,0.007858843695829737,0.10811262672301848,0.24979442909004237,0.416404657018295,
10,0.041322026450533456,0.04333410343036852,0.7228031497377881,,0.13718604018692193,,,,,0.09330538027456989,0.2213434447739766,0.40571908755875613,,0.14244604720577553
6,0.05498777749798728,0.05788009497888667,0.7772581837399849,,0.25626802771975055,,,,,0.148300483764875,0.24146729678733655,,0.2716797308597375,0.08228446086830044
6,0.052827227209701164,0.05250282684126867,0.8157127870310743,,0.17115592818800915,,,,,0.08647977848927409,,0.4007621131327074,0.3234734550782949,0.018128725111714514
13,0.053742623703520204,0.05585253870997855,0.7831805807549657,,0.15962585432966736,,,,,,0.2403003592588039,0.16645656279180104,0.35123797684823616,0.08237924677149147
7,0.10881055933750151,0.1274774084603639,0.7751221218795356,,,0.03144580692279993,0.30417449491752757,0.5032451872003832,0.11523370037573301,0.04590081058355615,,,,
4,0.09063440904976211,0.09757115464296501,0.8264164685231175,,,0.09142576824093618,0.28337776277201093,0.2956403871985499,0.03308984433683487,,0.29646623745166817,,,
4,0.11627381356742438,0.12802448504055014,0.8301053781529641,,,0.033085988045544565,0.10640262880204526,0.7176754430094454,0.020898200579523372,,,0.12193773956344142,,
18,0.09950168472398233,0.09467718882712728,0.9453352579722768,,,0.11370688694228216,0.19876587943765497,0.32057276946819274,0.022260583935670132,,,,0.34469388021619995,
0,0.07261742387159453,0.07515585922256508,0.8331675603117055,,,0.12580091600732593,0.09732042476454915,0.2296017640769525,0.1074670058864872,,,,,0.43980988926468517
3,0.08676440189631994,0.09095395721418618,0.8439918860874689,,,0.07761868053511357,0.21766426626515226,0.31863321090800106,,0.07195317800638983,0.3141306642853433,,,
9,0.07032006690336856,0.07120377394847141,0.8471470479503074,,,0.055161408493852794,0.17205577104573513,0.21269779629134677,,0.20599348718124236,,0.35409153698782303,,
7,0.09441771890877616,0.08258143743028151,1.0222360076990051,,,0.023826143318315802,0.047297640162382186,0.41520381888395264,,0.09506000215571894,,,0.4186123954796304,
3,0.07044052975339515,0.0743391033069382,0.8130381866975537,,,0.21040574778802737,0.01996281160012043,0.22789368430889262,,0.12375785736086295,,,,0.41797989894209664
5,0.06600285439836599,0.05403132448310706,1.0364886468010854,,,0.006774638951323088,0.026648798059709863,0.294716115065758,,,0.2294622893998335,0.4423981585233756,,
16,0.08459644987377953,0.07174451630933561,1.0397512410864609,,,0.02356228713458201,0.12869238343904627,0.28324116022106116,,,0.2627078194526761,,0.3017963497526344,
13,0.07869546431743174,0.07609743533809217,0.9027303484306098,,,0.12328196713682002,0.08205693383564293,0.3043497555637738,,,0.26934073264595104,,,0.2209706108178121
2,0.07661353243043699,0.06384361297325769,1.0433860072790608,,,0.09997449148067258,0.02172469743327935,0.23852545280238605,,,,0.2825219524670273,0.3572534058166347,
18,0.08069605412999863,0.07375514472990313,0.9585236987723755,,,0.006375524468866612,0.11732906625400709,0.34112620688623296,,,,0.31258853665225084,,0.22258066573864257
14,0.0900942666110928,0.07894443070674785,1.0145651301054561,,,0.008884153140665029,0.16352179847228634,0.27604305614264335,,,,,0.3507917605904579,0.20075923165394743
1,0.06931498743923772,0.07192278118107848,0.8247037512342803,,,0.19186479899225833,0.2746384142913898,,0.01134148163095471,0.2168520196222844,0.30530328546311264,,,
22,0.06637704160590588,0.06411814548208133,0.8792681257704371,,,0.08435484786149229,0.2926774957015346,,0.11013320747855948,0.16311100422246658,,0.349723444735947,,
3,0.07555997078379434,0.07110143262086965,0.9220625853402455,,,0.01589789701716468,0.2828792211261565,,0.04868478540380051,0.2961050806129739,,,0.35643301583990433,
12,0.0754589355535584,0.07920105292370665,0.8264907237611367,,,0.015840745834811338,0.3923360460057549,,0.028584546722910747,0.3296057031763158,,,,0.2336329582602072
20,0.07600592064541958,0.07271375633067305,0.9077501146447597,,,0.047222155814124436,0.4175168047213511,,0.11841754889996658,,0.1370993881000636,0.27974410246449416,,
6,0.06856886747659267,0.058612717474764965,0.9992518688765596,,,0.025278285273656803,0.19018442752000048,,0.09320863869023051,,0.27894504910711865,,0.41238359940899355,
24,0.06335173464891848,0.05844969913666495,0.9127803125927715,,,0.00495745440673617,0.28570213654360105,,0.14607813171238823,,0.4303760035378926,,,0.13288627379938173
5,0.08431588286901374,0.07047085794093122,1.0545619145335996,,,0.053343181427227944,0.35254441508977047,,0.009920765525914768,,,0.18349992387509925,0.40069171408198756,
22,0.06363064754850958,0.05842129977881125,0.9179981916109442,,,0.03853964860053329,0.25298067945785496,,0.08871643491976841,,,0.2765913240455335,,0.3431719129763097
10,0.0847471598824198,0.07485506538493573,0.9985584742734372,,,0.001518173042132708,0.39468465386621215,,0.13659231129289678,,,,0.32261791779902327,0.14458694399973515
5,0.05033767921119048,0.043932232145101814,0.918179597111318,,,0.029746739275042147,0.14358676846351157,,,0.18051544344531062,0.22901417323545575,0.41713687558067997,,
19,0.07065023466906048,0.05915344411311126,1.0253035233770513,,,0.08103109601545515,0.19177518127301643,,,0.031791319849560094,0.29533390378486557,,0.4000684990771029,
17,0.08200056540319596,0.07851506210589698,0.9170287008890777,,,0.048054938508609715,0.44041523886952916,,,0.01799878408544196,0.09350919602633666,,,0.40002184251008255
15,0.07531266029660416,0.06316346942967649,1.0340258520681878,,,0.06303301854951006,0.3190005084212745,,,0.047083648107662614,,0.3520501137270321,0.21883271119452075,
8,0.07149912447904708,0.06643513343021264,0.9257018282901376,,,0.08710469847575805,0.3177156750600351,,,0.02005655745886796,,0.2504110976054943,,0.32471197139984453
5,0.07519518688133202,0.06868116966750375,0.9492439805109915,,,0.01923272424614666,0.23095086411457894,,,0.20092138368551338,,,0.46329848069815593,0.08559654725560509
17,0.07474390139141064,0.05976743932177818,1.0832637657912698,,,0.018701453110180875,0.29465343471417377,,,,0.0953187797167256,0.26942897533203897,0.32189735712688083,
22,0.05678951130571149,0.0462728897235438,1.0111646708311115,,,0.01670454237065933,0.2127230509402876,,,,0.31898758774394964,0.34144107287283204,,0.11014374607227144
21,0.0818771250574788,0.0710507361452687,1.0116309690376815,,,0.07747662693544055,0.30109622649597434,,,,0.057725487876074046,,0.39184342525918814,0.1718582334333231
21,0.09048294734170789,0.0781986180221259,1.02921188861593,,,0.07383263855120145,0.39961441834062933,,,,,0.07952100056906042,0.42058392382966253,0.026448018709446373
2,0.07579112443067625,0.08263653470992807,0.79615057264462,,,0.01914509329490201,,0.460414746013461,0.1953742456073101,0.08619633358253315,0.23886958150179374,,,
6,0.06201151371134535,0.06317830631124913,0.8232495732808922,,,0.12398135262184364,,0.26121169089125346,0.09775119351662585,0.15517083598581097,,0.3618849269844661,,
11,0.07395511578356684,0.07219387864274256,0.8858800356198353,,,0.0026032107561198277,,0.3242177456794273,0.139712250474419,0.18487092579691974,,,0.34859586729311415,
10,0.07840420911730818,0.08765511758035263,0.7803789556793724,,,0.005289268479259258,,0.4687917138852082,0.03839988810391152,0.3482021994817973,,,,0.13931693004982387
18,0.05203401152403018,0.04275649029491989,0.9831024771699852,,,0.023611785182378418,,0.17759665004820024,0.011080082656564199,,0.5516473368423003,0.23606414527055689,,
19,0.09328906087442092,0.08134151615646425,1.0239428130920314,,,0.10478807313138554,,0.3970060367511393,0.033421286310213745,,0.017593874571721572,,0.44719072923553993,
2,0.07218946463087718,0.07093559437505105,0.8767032288764468,,,0.12301789733417659,,0.3277504350358264,0.09678858641809696,,0.21707481023483713,,,0.23536827097706298
20,0.05922592465101118,0.056450324697074984,0.8720219930561686,,,0.02462041243457711,,0.19613992141945946,0.19127322852899684,,,0.34206173805456563,0.2459046995624009,
13,0.06853945866587943,0.06645879519563892,0.8808383975898624,,,0.1438705635875365,,0.2746944249244881,0.07638963030317379,,,0.26311440473960873,,0.24193097644519296
16,0.0802832062239951,0.07388489902483679,0.9512526531351019,,,0.15366331364215324,,0.2812749685957272,0.037567196192765544,,,,0.2827458554416315,0.24474866612772245
9,0.07475290222493043,0.07134641287348809,0.9075845528457148,,,0.12774740370538853,,0.355224157915448,,0.0503116746235412,0.06847747214327132,0.39823929161235094,,
6,0.07509606062863253,0.06510887106156422,0.9998032459675184,,,0.01193410391988667,,0.2728572379585177,,0.1335905097817726,0.15979652441684447,,0.4218216239229786,
13,0.07064149750980533,0.0655509916546243,0.9251041971922231,,,0.05489437441936341,,0.3192557019342875,,0.059646613490392054,0.2475757006893158,,,0.31862760946664137
14,0.06938671497010811,0.05728443696593257,1.036698938062807,,,0.005835060491533858,,0.27420485634437697,,0.116077283059528,,0.3545179734052805,0.24936482669928073,
2,0.07866030501170819,0.07239333775393536,0.9484340291793738,,,0.03176193060075642,,0.4353580544766267,,0.06515501812753348,,0.4624489712343933,,0.005276025560689998
3,0.08827548014692004,0.0762336142139547,1.0267843254451336,,,0.07415566357372923,,0.3595766263389176,,0.03944966618329104,,,0.4067681822119007,0.12004986169216139
1,0.0743389481015414,0.06208384597074244,1.0363234927788092,,,0.09099514951518599,,0.29821463619445615,,,0.19493193023967428,0.22634794785832948,0.18951033619235408,
5,0.07092624002578014,0.06310916378647581,0.9654103520040069,,,0.08360389096888111,,0.3133300156083675,,,0.10194707302860298,0.30611809385218053,,0.1950009265419678
15,0.08770538304493736,0.07689507167389716,1.010537884332518,,,0.06407326761319691,,0.4323546707130712,,,0.23780783133714584,,0.20433745355544886,0.06142677678113717
0,0.09580313059197403,0.08532465803457218,1.005607670378333,,,0.06351780350579528,,0.4808570922707212,,,,0.04226520301345255,0.2658795941631999,0.1474803070468312
22,0.04755654153913772,0.05211661585526184,0.7206251005138107,,,0.29428769992252163,,,0.051274671381748724,0.025532766530348094,0.33148564425695254,0.2974192179084291,,
8,0.05568592414581121,0.05549675224781457,0.8232179775458894,,,0.18543204386030984,,,0.09585901779019383,0.07600077685953101,0.2888327342129384,,0.35387542727702687,
0,0.05089197506838163,0.05936280769136474,0.6888483995060432,,,0.3188675196622263,,,0.05815166174209488,0.08625457614970587,0.31140512477383336,,,0.2253211176721395
4,0.06492508464934046,0.06708484315510195,0.8187405987124722,,,0.30055261997895244,,,0.08461766657971263,0.09683328020231263,,0.03736862871187122,0.4806278045271511,
12,0.0461046198748084,0.052915241721567016,0.6823104024505098,,,0.2050654643456677,,,0.052005693312490615,0.2965965249788433,,0.2843385107730253,,0.161993806589973
17,0.0603767032638613,0.06465696646257892,0.7791380576603062,,,0.1861771990421355,,,0.05254049424390358,0.18211812069952216,,,0.4422736001180676,0.13689058589637107
21,0.062001021270912886,0.06364626562428954,0.8170317733624823,,,0.3033234088046535,,,0.013643208133388814,,0.26991484208432936,0.011779643626162309,0.40133889735146616,
20,0.04391458440003192,0.044751018433549776,0.7578505604378871,,,0.1775460946690776,,,0.035341867857116724,,0.35541383584052505,0.30056095433095814,,0.1311372473023225
16,0.05886569351021943,0.0632951604848625,0.7720289060947404,,,0.27333739316747274,,,0.017756548890423256,,0.2087540502863855,,0.2912185672684182,0.2089334403873002
20,0.05494547480124534,0.059637378243832063,0.7536460542829745,,,0.23612822544207757,,,0.149516546263729,,,0.2131810406980358,0.23527799594000573,0.165896191656152
20,0.05375666403046194,0.05250747899626826,0.833341551849628,,,0.2351701310601269,,,,0.15876682298358397,0.09332521557089432,0.27658306485281225,0.23615476553258255,
19,0.04508700088720073,0.047631985932721776,0.7366268737305993,,,0.1856026890987116,,,,0.07798731577024143,0.3147533152639669,0.22330350435689184,,0.19835317551018816
18,0.06093957268930601,0.06149441720687277,0.828360931008431,,,0.2667647215780812,,,,0.08197005404730552,0.21825346872798015,,0.39882238588876007,0.03418936975787302
5,0.0558244653370993,0.05712475715339525,0.8021822344740713,,,0.20118740417809927,,,,0.1279451718887556,,0.23273734036166466,0.29990882747779546,0.138221256093685
9,0.052758707320164605,0.05064290679524446,0.8443177934679648,,,0.17256982368692345,,,,,0.22491218899829035,0.3068975170514578,0.2918831456638694,0.003737324599459122
10,0.10337776185787097,0.10831461690820225,0.8620975129978032,,,,0.09065369915219204,0.6230411408537676,0.02135243449960236,0.029496669369474836,0.23545605612496318,,,
4,0.08549171946807216,0.09285527618951735,0.8130040915929622,,,,0.3212436365670159,0.2659851029745001,0.04355935679514654,0.15362845018529198,,0.21558345347804544,,
1,0.09171059077679906,0.0887671941096783,0.9205043777303551,,,,0.2975194497576105,0.24340326684813307,0.0305837813134346,0.13798681401323631,,,0.2905066880675854,
13,0.07859374472871691,0.08055350221062528,0.8515302605883369,,,,0.10230607782830965,0.3494570935845743,0.009586647477278254,0.21167504156764194,,,,0.3269751395421959
14,0.06756441002340521,0.06060165893070672,0.9498817530593615,,,,0.1446860437267355,0.228262725197221,0.06997420943702357,,0.15627542971051978,0.4008015919285001,,
11,0.09276630282522996,0.0841881794725107,0.983110732929615,,,,0.26202733641764947,0.2617839492652002,0.04924247296008999,,0.09796427690718465,,0.32898196444987565,
1,0.08418876786512197,0.0801881000155489,0.9251842586460632,,,,0.1363983670440596,0.38110662961387126,0.02240076600749994,,0.3379746701169798,,,0.12211956721758939
21,0.07397905072889346,0.06440671584696975,0.9933599297456431,,,,0.22413166747165225,0.13081165983923376,0.08836576317971716,,,0.27621056207995764,0.2804803474294393,
13,0.08393227519046434,0.07762739797426005,0.9523992445937587,,,,0.11084033145670746,0.38355713771067024,0.003962831788564704,,,0.29219764756090055,,0.20944205148315703
3,0.08661915285643333,0.07763980582795867,0.9868539989166513,,,,0.2237846691399136,0.2123328573132887,0.07822855537695755,,,,0.3726511881860785,0.11300272998376146
2,0.05934537133549183,0.052065428447569305,0.9477569436537603,,,,0.12012231189474908,0.16422208041785927,,0.10087240740755071,0.3105351556613414,0.3042480446184995,,
5,0.08057023426104207,0.06792853578239587,1.0388893776116226,,,,0.19177248610953562,0.16041083303723289,,0.019061580955322142,0.2072906943894756,,0.42146440550843367,
13,0.08219452505026523,0.08069380089018172,0.8946725058659293,,,,0.2875607624991344,0.22008132014658904,,0.045131000123371234,0.19479501913718855,,,0.25243189809371686
13,0.0850488892033579,0.06950732282927459,1.0797263676475446,,,,0.060365711608389175,0.32921470586708695,,0.006081223099387268,,0.23492030889373242,0.3694180505314041,
1,0.07781291997747151,0.07161028981679811,0.9469717292159902,,,,0.14352278620638176,0.2907377348975085,,0.027852169899422245,,0.2583304096802098,,0.27955689931647765
4,0.08385884156594875,0.07517543194321516,0.9824864275038564,,,,0.15877682389992953,0.2406614604091771,,0.10828996616223348,,,0.34164013399139387,0.1506316155372659
8,0.07975699577828613,0.06369389800956438,1.095191187196791,,,,0.013373981085098654,0.34202834566831103,,,0.034396823198515246,0.31671260559268244,0.29348824445539246,
20,0.06238802643130595,0.052071502017066514,1.0060786495871714,,,,0.16076614147758864,0.14416675260834108,,,0.1860477405014976,0.46255949550499276,,0.04645986990757994
6,0.0876796736386503,0.07426093678018314,1.0460368129826698,,,,0.036341524449162624,0.3543047469906867,,,0.0520859387043342,,0.38471002305444163,0.17255776680137486
0,0.08058435293409705,0.06881966766092265,1.0256421649966267,,,,0.05334566734998833,0.32052412096016797,,,,0.17233943476724883,0.21707513573843754,0.2367156411841572
5,0.04265222559220525,0.04130152630428434,0.7905815720136747,,,,0.09654867784012423,,0.011133602044403921,0.08055297773437173,0.47467163642715127,0.3370931059539488,,
5,0.058722756232546414,0.06397927172110283,0.7615397131267402,,,,0.2551933134409176,,0.0589261846973172,0.07669556780539313,0.2634714769995588,,0.3457134570568132,
20,0.05099846629623701,0.06217707241788764,0.65938238488762,,,,0.24847334218780576,,0.1565751650382023,0.06002109424930579,0.3220241020613324,,,0.21290629646335366
5,0.06156426169960309,0.0663181725273561,0.7775283867831694,,,,0.2694952988931044,,0.1755139353852173,0.018258816075546726,,0.2503745277084813,0.28635742193765024,
5,0.0496982003219458,0.05397133951924922,0.7355422465989969,,,,0.12629027763570358,,0.17710821177705535,0.1136661837400979,,0.38944747885009984,,0.19348784799704338
4,0.06323878656013973,0.0725469680678742,0.7338526747297016,,,,0.24820802134973768,,0.09050344861518317,0.2121134346424483,,,0.4430341283926432,0.0061409669999877795
24,0.05465894860343584,0.052158567782741284,0.8562150093816996,,,,0.10538851626356084,,0.11650380781900446,,0.09419365480916991,0.3675063349828214,0.31640768612544334,
1,0.04933297796534417,0.05195680208280236,0.7570323112392504,,,,0.20025126580761202,,0.13819283482352032,,0.3431750228202605,0.1987335874674331,,0.11964728908117406
15,0.06005610608245018,0.06690027900069201,0.7482196910110405,,,,0.21621173925071402,,0.22211401243506051,,0.20334001184716943,,0.30563030015412346,0.052703936312932645
1,0.0585106356433316,0.06143534711198003,0.789620925473243,,,,0.17117943513618197,,0.1952047417288986,,,0.24910139300771997,0.29447581720537125,0.090038612921828
4,0.04791884505971225,0.04752499039590887,0.797871703788423,,,,0.12062499906373599,,,0.06857996543698155,0.366952429274062,0.24596434118171492,0.19787826504350547,
23,0.04045876772269154,0.05098800976089684,0.5973711832551393,,,,0.12985264272186536,,,0.2282592149213756,0.12827850935578441,0.3627525305893167,,0.15085710241165798
3,0.05800371440513027,0.06696955280631,0.7167990884449695,,,,0.2811644022476572,,,0.005881939014501544,0.2689274648892354,,0.3413492035433334,0.1026769903052725
4,0.0530656183434729,0.058380643890905644,0.7376694649676778,,,,0.09626258889395659,,,0.0009410383601760593,,0.3711233306998631,0.3583814577529745,0.1732915842930299
2,0.05596766204572791,0.05649271197990921,0.8136918982058362,,,,0.19023755352778143,,,,0.1263539764913289,0.3035353352266621,0.35458601131918227,0.02528712343504531
20,0.0711590091445082,0.07076282164305636,0.864281662664726,,,,,0.401581023967046,0.05274659550085996,0.20358214385997084,0.08947643590291016,0.25261380076921325,,
21,0.07827464083859206,0.07343960902123009,0.9296705381268449,,,,,0.421061975938393,0.11659850340410975,0.08247396105618715,0.22133421703668327,,0.1585313425646269,
18,0.06597185558411481,0.06543007670073021,0.8554453610091848,,,,,0.3151014989988963,0.012228010064266479,0.18662590295751127,0.20712917942228665,,,0.27891540855703933
10,0.0698899132747815,0.061158723463057875,0.9792538150499039,,,,,0.35506455585896346,0.038922517141446594,0.10309707514265089,,0.446080124972871,0.05683572688406811,
3,0.06767404764093166,0.06247654052028129,0.923131261120474,,,,,0.32731124935409206,0.027071934124206037,0.11950922701228639,,0.26380681730932665,,0.2623007722000888
23,0.0869576973698513,0.07497962033187379,1.026381529130478,,,,,0.3961152772642334,0.0674226238106692,0.007677344605410329,,,0.38051933678564664,0.14826541753404043
16,0.0684443909589957,0.05418134317729895,1.0786811018646523,,,,,0.2584860947978811,0.021029743872506567,,0.24376295286399657,0.2134601642804554,0.2632610441851603,
24,0.06433973321648007,0.05366438846042248,1.0125845980068449,,,,,0.30237474271665454,0.018137029154337868,,0.4036409551389593,0.19744239798853802,,0.07840487500151032
21,0.07675033270581863,0.06702403408734815,0.9959163696238752,,,,,0.30640003454632364,0.08153842531501873,,0.09600013842800896,,0.3525141575157207,0.16354724419492803
9,0.08778517221101823,0.07581901522837849,1.0259322410970042,,,,,0.4365375712867984,0.019123601740586218,,,0.0803517946402313,0.2313069534944214,0.23268007883796282
5,0.06728184941762602,0.054323303419124655,1.0544618204764735,,,,,0.27604207554265825,,0.08822314389933886,0.006133593543394445,0.4471236501611695,0.1824775368534389,
8,0.06891449374961672,0.05835649372462863,1.00956191829518,,,,,0.35208761578571773,,0.04454862831139304,0.23208934265355638,0.35607236772584516,,0.015202045523487785
4,0.07749248689392013,0.06743325965374894,1.0008783090195448,,,,,0.2866603574497909,,0.0939145274780424,0.0947545027480265,,0.42466607819430596,0.10000453412983416
14,0.08402545988355606,0.07083128946504927,1.0450954718265142,,,,,0.35509134987552815,,0.06693704017159638,,0.08213008048309287,0.4056264280056495,0.09021510146413309
23,0.07694266212574612,0.06209674228229543,1.0780382297902336,,,,,0.3350339166668671,,,0.3148932000439713,0.04905042556706234,0.2662605023776847,0.034761955344414466
14,0.04579924472123181,0.0500728614423037,0.7149430587760873,,,,,,0.06711936621526084,0.09596827273017651,0.2632506633202883,0.36860675936611575,0.20505493836815858,
2,0.04644346217962761,0.05274976962208902,0.6908743382334483,,,,,,0.18300596642431036,0.12252402467364042,0.03484696483512078,0.5589907162584609,,0.10063232780846751
3,0.049691881250495354,0.0628194850239116,0.6318402838766831,,,,,,0.16091509604740226,0.1114924259111747,0.40363946438366455,,0.2982037850849581,0.0257492285728003
23,0.050338529099843654,0.0647830115791888,0.62267140900875,,,,,,0.1676107356355817,0.09983962199499243,,0.25150192488385525,0.2535752615161325,0.2274724559694381
16,0.05294426108248571,0.06069378702127377,0.7075561303734981,,,,,,0.01687307323103066,,0.10937057408788127,0.3927470613869586,0.4756232794959934,0.005386011798136264
23,0.04064503811509821,0.05118374324003097,0.5987260050791015,,,,,,,0.009327471077508693,0.3583594714728349,0.3446120864674839,0.10318148470874414,0.1845194862734283
