ticker,dateTime,open,high,low,close,volume
JE00B9689G92,27/05/2014,11.51,11.51,11.51,11.51,0
JE00B9689G92,28/05/2014,11.905,11.905,11.905,11.905,0
JE00B9689G92,29/05/2014,11.91,11.91,11.91,11.91,0
JE00B9689G92,30/05/2014,11.985,11.985,11.985,11.985,0
JE00B9689G92,02/06/2014,12.04,12.04,12.04,12.04,0
JE00B9689G92,03/06/2014,11.94,11.94,11.94,11.94,0
JE00B9689G92,04/06/2014,11.91,11.91,11.91,11.91,0
JE00B9689G92,05/06/2014,12.29,12.29,12.29,12.29,0
JE00B9689G92,06/06/2014,12.535,12.535,12.535,12.535,0
JE00B9689G92,09/06/2014,12.6,12.6,12.6,12.6,0
JE00B9689G92,10/06/2014,12.715,12.715,12.715,12.715,0
JE00B9689G92,11/06/2014,12.465,12.465,12.465,12.465,0
JE00B9689G92,12/06/2014,12.425,12.425,12.425,12.425,0
JE00B9689G92,13/06/2014,12.405,12.405,12.405,12.405,0
JE00B9689G92,16/06/2014,12.215,12.215,12.215,12.215,0
JE00B9689G92,17/06/2014,12.305,12.305,12.305,12.305,0
JE00B9689G92,18/06/2014,12.38,12.38,12.38,12.38,0
JE00B9689G92,19/06/2014,12.75,12.75,12.75,12.75,0
JE00B9689G92,20/06/2014,12.75,12.75,12.75,12.75,0
JE00B9689G92,23/06/2014,12.49,12.49,12.49,12.49,0
JE00B9689G92,24/06/2014,12.455,12.455,12.455,12.455,0
JE00B9689G92,25/06/2014,12.33,12.33,12.035,12.135,700
JE00B9689G92,26/06/2014,12.095,12.095,11.85,11.85,500
JE00B9689G92,27/06/2014,11.775,11.775,11.775,11.775,0
JE00B9689G92,30/06/2014,11.865,11.865,11.865,11.865,0
JE00B9689G92,01/07/2014,12.005,12.125,12.005,12.125,1265
JE00B9689G92,02/07/2014,12.065,12.065,12.065,12.065,0
JE00B9689G92,03/07/2014,12.485,12.485,12.485,12.485,0
JE00B9689G92,04/07/2014,12.325,12.325,12.325,12.325,0
JE00B9689G92,07/07/2014,11.85,11.85,11.85,11.85,0
JE00B9689G92,08/07/2014,11.435,11.435,11.435,11.435,0
JE00B9689G92,09/07/2014,11.535,11.535,11.535,11.535,0
JE00B9689G92,10/07/2014,11.025,11.025,11.025,11.025,0
JE00B9689G92,11/07/2014,10.995,10.995,10.995,10.995,0
JE00B9689G92,14/07/2014,11.24,11.345,11.24,11.345,200
JE00B9689G92,15/07/2014,11.03,11.03,11.03,11.03,0
JE00B9689G92,16/07/2014,11.445,11.445,11.445,11.445,0
JE00B9689G92,17/07/2014,11.05,11.05,11.05,11.05,0
JE00B9689G92,18/07/2014,11.06,11.06,11.06,11.06,0
JE00B9689G92,21/07/2014,10.785,10.785,10.785,10.785,0
JE00B9689G92,22/07/2014,11.34,11.34,11.34,11.34,0
JE00B9689G92,23/07/2014,11.39,11.39,11.39,11.39,0
JE00B9689G92,24/07/2014,11.6,11.6,11.6,11.6,0
JE00B9689G92,25/07/2014,11.08,11.08,11.08,11.08,0
JE00B9689G92,28/07/2014,11.085,11.085,11.085,11.085,0
JE00B9689G92,29/07/2014,11.32,11.32,11.32,11.32,0
JE00B9689G92,30/07/2014,11.08,11.08,11.08,11.08,0
JE00B9689G92,31/07/2014,10.575,10.575,10.575,10.575,0
JE00B9689G92,01/08/2014,10.08,10.08,10.08,10.08,0
JE00B9689G92,04/08/2014,10.11,10.11,10.11,10.11,0
JE00B9689G92,05/08/2014,10.085,10.085,10.085,10.085,0
JE00B9689G92,06/08/2014,9.945,9.945,9.945,9.945,0
JE00B9689G92,07/08/2014,9.525,9.525,9.525,9.525,0
JE00B9689G92,08/08/2014,9.37,9.44,9.37,9.44,5
JE00B9689G92,11/08/2014,9.88,9.88,9.88,9.88,0
JE00B9689G92,12/08/2014,9.61,9.61,9.61,9.61,0
JE00B9689G92,13/08/2014,9.925,9.925,9.925,9.925,0
JE00B9689G92,14/08/2014,9.98,9.98,9.98,9.98,0
JE00B9689G92,18/08/2014,10.075,10.08,10.015,10.08,750
JE00B9689G92,19/08/2014,10.25,10.28,10.25,10.28,5370
JE00B9689G92,20/08/2014,10.16,10.16,10.16,10.16,0
JE00B9689G92,21/08/2014,10.575,10.575,10.575,10.575,0
JE00B9689G92,22/08/2014,10.29,10.29,10.29,10.29,0
JE00B9689G92,25/08/2014,10.22,10.94,10.22,10.94,5
JE00B9689G92,26/08/2014,11.295,11.295,11.295,11.295,0
JE00B9689G92,27/08/2014,11.275,11.275,11.275,11.275,600
JE00B9689G92,28/08/2014,10.91,10.91,10.91,10.91,0
JE00B9689G92,29/08/2014,10.94,10.94,10.94,10.94,0
JE00B9689G92,01/09/2014,11.02,11.02,11.02,11.02,0
JE00B9689G92,02/09/2014,11.14,11.14,11.14,11.14,0
JE00B9689G92,03/09/2014,11.59,11.59,11.59,11.59,0
JE00B9689G92,04/09/2014,11.59,12.025,11.59,12.025,600
JE00B9689G92,05/09/2014,12.13,12.15,12.13,12.15,1365
JE00B9689G92,08/09/2014,11.99,12.05,11.99,12.05,5600
JE00B9689G92,09/09/2014,11.82,11.82,11.82,11.82,0
JE00B9689G92,10/09/2014,11.765,11.765,11.765,11.765,0
JE00B9689G92,11/09/2014,11.7,11.7,11.7,11.7,0
JE00B9689G92,12/09/2014,11.655,11.655,11.655,11.655,0
JE00B9689G92,15/09/2014,11.645,11.645,11.625,11.625,1
JE00B9689G92,16/09/2014,11.49,11.49,11.49,11.49,0
JE00B9689G92,17/09/2014,11.78,11.78,11.745,11.745,1
JE00B9689G92,18/09/2014,12,12.045,12,12.045,80
JE00B9689G92,19/09/2014,12.19,12.19,12.19,12.19,0
JE00B9689G92,22/09/2014,11.935,11.935,11.935,11.935,0
JE00B9689G92,23/09/2014,11.6,11.6,11.44,11.44,860
JE00B9689G92,24/09/2014,11.41,11.775,11.36,11.775,342
JE00B9689G92,25/09/2014,11.28,11.28,11.28,11.28,0
JE00B9689G92,26/09/2014,11.58,11.58,11.58,11.58,0
JE00B9689G92,29/09/2014,11.165,11.205,11.165,11.205,100
JE00B9689G92,30/09/2014,11.675,11.675,11.675,11.675,0
JE00B9689G92,01/10/2014,11.23,11.315,11.23,11.315,5602
JE00B9689G92,02/10/2014,10.71,10.71,10.375,10.375,4
JE00B9689G92,03/10/2014,10.68,10.68,10.68,10.68,0
JE00B9689G92,06/10/2014,10.615,10.615,10.615,10.615,0
JE00B9689G92,07/10/2014,10.31,10.31,10.085,10.085,5
JE00B9689G92,08/10/2014,9.725,9.725,9.725,9.725,0
JE00B9689G92,09/10/2014,9.725,9.725,9.725,9.725,0
JE00B9689G92,10/10/2014,9.115,9.515,9.115,9.285,1950
JE00B9689G92,13/10/2014,9.34,9.34,9.245,9.245,12
JE00B9689G92,14/10/2014,9.225,9.335,9.15,9.335,616
JE00B9689G92,15/10/2014,8.36,8.36,8.36,8.36,0
JE00B9689G92,16/10/2014,8.44,8.44,7.65,8.225,3977
JE00B9689G92,17/10/2014,8.465,8.865,8.465,8.865,500
JE00B9689G92,20/10/2014,8.605,8.605,8.605,8.605,0
JE00B9689G92,21/10/2014,8.93,9.095,8.93,9.085,6180
JE00B9689G92,22/10/2014,9.05,9.29,8.955,9.29,805
JE00B9689G92,23/10/2014,9.38,9.64,9.38,9.64,25700
JE00B9689G92,24/10/2014,9.47,9.53,9.47,9.53,645
JE00B9689G92,27/10/2014,9.3,9.3,9.195,9.225,270
JE00B9689G92,28/10/2014,9.525,9.525,9.525,9.525,0
JE00B9689G92,29/10/2014,9.53,9.53,9.425,9.425,100
JE00B9689G92,30/10/2014,9.485,9.485,9.485,9.485,0
JE00B9689G92,31/10/2014,10,10.145,10,10.145,10
JE00B9689G92,03/11/2014,9.91,9.985,9.91,9.985,10
JE00B9689G92,04/11/2014,10.085,10.085,9.5,9.535,679
JE00B9689G92,05/11/2014,9.995,9.995,9.995,9.995,0
JE00B9689G92,06/11/2014,10.27,10.32,10.14,10.14,25100
JE00B9689G92,07/11/2014,9.8,9.8,9.74,9.76,100
JE00B9689G92,10/11/2014,10.05,10.05,10.05,10.05,0
JE00B9689G92,11/11/2014,10.05,10.1,10.05,10.1,750
JE00B9689G92,12/11/2014,9.595,9.595,9.595,9.595,0
JE00B9689G92,13/11/2014,9.67,9.67,9.67,9.67,0
JE00B9689G92,14/11/2014,9.695,9.695,9.695,9.695,0
JE00B9689G92,17/11/2014,9.975,9.975,9.975,9.975,0
JE00B9689G92,18/11/2014,10.26,10.26,10.195,10.195,100
JE00B9689G92,19/11/2014,10.37,10.37,10.26,10.26,575
JE00B9689G92,20/11/2014,9.93,10.31,9.705,10.11,9700
JE00B9689G92,21/11/2014,11,11.04,11,11.04,4
JE00B9689G92,24/11/2014,11.33,11.37,11.22,11.22,190
JE00B9689G92,25/11/2014,10.925,11.375,10.925,11.35,1000
JE00B9689G92,26/11/2014,11.345,11.345,11.345,11.345,0
JE00B9689G92,27/11/2014,11.555,11.555,11.555,11.555,0
JE00B9689G92,28/11/2014,11.61,11.61,11.61,11.61,0
JE00B9689G92,01/12/2014,11.375,11.375,11.375,11.375,0
JE00B9689G92,02/12/2014,11.49,11.49,11.49,11.49,0
JE00B9689G92,03/12/2014,11.605,11.605,11.605,11.605,0
JE00B9689G92,04/12/2014,11.035,11.035,11.035,11.035,0
JE00B9689G92,05/12/2014,11.83,11.83,11.83,11.83,0
JE00B9689G92,08/12/2014,11.645,11.645,11.645,11.645,0
JE00B9689G92,09/12/2014,10.7,10.7,10.7,10.7,0
JE00B9689G92,10/12/2014,10.59,10.59,10.59,10.59,0
JE00B9689G92,11/12/2014,10.52,10.665,10.52,10.665,7000
JE00B9689G92,12/12/2014,9.785,9.785,9.785,9.785,0
JE00B9689G92,15/12/2014,9.91,9.91,9.115,9.115,51
JE00B9689G92,16/12/2014,8.735,9.445,8.735,9.445,90
JE00B9689G92,17/12/2014,9.18,9.58,9.18,9.58,25
JE00B9689G92,18/12/2014,10.32,10.32,10.32,10.32,0
JE00B9689G92,19/12/2014,10.315,10.315,10.315,10.315,0
JE00B9689G92,22/12/2014,10.43,10.43,10.43,10.43,0
JE00B9689G92,23/12/2014,10.75,10.8,10.75,10.8,70
JE00B9689G92,29/12/2014,10.675,10.675,10.675,10.675,0
JE00B9689G92,30/12/2014,10.315,10.315,10.315,10.315,0
JE00B9689G92,02/01/2015,10.295,10.295,10.295,10.295,0
JE00B9689G92,05/01/2015,9.26,9.26,9.26,9.26,0
JE00B9689G92,06/01/2015,9.1,9.1,9.1,9.1,0
JE00B9689G92,07/01/2015,9.175,9.175,9.175,9.175,0
JE00B9689G92,08/01/2015,10.235,10.235,10.235,10.235,0
JE00B9689G92,09/01/2015,9.17,9.17,9.17,9.17,0
JE00B9689G92,12/01/2015,9.7,9.7,9.7,9.7,0
JE00B9689G92,13/01/2015,10.055,10.055,10.055,10.055,0
JE00B9689G92,14/01/2015,9.815,9.815,9.815,9.815,0
JE00B9689G92,15/01/2015,10.32,10.32,10.32,10.32,0
JE00B9689G92,16/01/2015,10.845,10.845,10.845,10.845,0
JE00B9689G92,19/01/2015,10.89,10.945,10.89,10.945,100
JE00B9689G92,20/01/2015,11.305,11.305,11.24,11.24,200
JE00B9689G92,21/01/2015,11.115,11.47,10.98,11.47,20100
JE00B9689G92,22/01/2015,11.885,12.155,11.885,12.155,25120
JE00B9689G92,23/01/2015,12.89,12.89,12.595,12.74,4859
JE00B9689G92,26/01/2015,12.6,13.06,12.06,13.06,24350
JE00B9689G92,27/01/2015,12.86,12.86,12.465,12.485,3533
JE00B9689G92,28/01/2015,12.33,12.545,12.315,12.315,2440
JE00B9689G92,29/01/2015,12.455,12.56,12.455,12.56,800
JE00B9689G92,30/01/2015,12.715,12.72,12.205,12.205,3105
JE00B9689G92,02/02/2015,12.42,12.51,12.24,12.465,5400
JE00B9689G92,03/02/2015,12.9,13.185,12.9,13.125,2638
JE00B9689G92,04/02/2015,13.15,13.15,12.46,13,4980
JE00B9689G92,05/02/2015,12.955,12.955,12.955,12.955,0
JE00B9689G92,06/02/2015,12.905,12.92,12.905,12.92,4180
JE00B9689G92,09/02/2015,12.33,12.34,12.105,12.105,5490
JE00B9689G92,10/02/2015,12.51,12.87,12.51,12.87,1782
JE00B9689G92,11/02/2015,12.595,12.595,12.595,12.595,0
JE00B9689G92,12/02/2015,13.12,13.12,13.05,13.1,530
JE00B9689G92,13/02/2015,13.33,13.49,13.33,13.48,701
JE00B9689G92,16/02/2015,13.56,13.56,13.31,13.34,749
JE00B9689G92,17/02/2015,13.33,13.33,13.23,13.33,313
JE00B9689G92,18/02/2015,13.52,13.71,13.52,13.605,1635
JE00B9689G92,19/02/2015,13.605,13.85,13.605,13.67,1376
JE00B9689G92,20/02/2015,13.81,13.82,13.5,13.5,250
JE00B9689G92,23/02/2015,14.755,14.805,14.05,14.17,2809
JE00B9689G92,24/02/2015,14.355,14.64,14.355,14.39,1020
JE00B9689G92,25/02/2015,14.57,14.57,14.52,14.52,1630
JE00B9689G92,26/02/2015,14.565,14.805,14.565,14.7,481
JE00B9689G92,27/02/2015,15,15.285,14.825,15.07,5602
JE00B9689G92,02/03/2015,15.29,15.35,15.09,15.14,3759
JE00B9689G92,03/03/2015,15.5,15.5,14.7,15.115,3744
JE00B9689G92,04/03/2015,14.89,14.97,14.65,14.65,270
JE00B9689G92,05/03/2015,15.3,15.51,15.24,15.3,944
JE00B9689G92,06/03/2015,15.48,15.63,15.455,15.55,4546
JE00B9689G92,09/03/2015,15.165,15.45,15.1,15.415,8975
JE00B9689G92,10/03/2015,15.24,15.24,14.75,14.895,2375
JE00B9689G92,11/03/2015,15.575,15.895,15.575,15.6,400
JE00B9689G92,12/03/2015,15.84,15.88,15.78,15.83,5850
JE00B9689G92,13/03/2015,15.69,15.965,15.69,15.9,500
JE00B9689G92,16/03/2015,16.33,16.7,16.33,16.7,9079
JE00B9689G92,17/03/2015,16.75,16.75,15.595,16.1,10740
JE00B9689G92,18/03/2015,15.89,15.98,15.89,15.89,1000
JE00B9689G92,19/03/2015,16.38,16.38,16.005,16.005,1730
JE00B9689G92,20/03/2015,16.845,17.015,16.32,17.015,3250
JE00B9689G92,23/03/2015,17.275,17.275,16.475,16.535,11913
JE00B9689G92,24/03/2015,15.93,17.06,15.93,17.06,7845
JE00B9689G92,25/03/2015,17.3,17.3,16.345,16.345,2486
JE00B9689G92,26/03/2015,15.855,16.045,15.575,16.045,33219
JE00B9689G92,27/03/2015,16.18,16.295,16.08,16.22,57450
JE00B9689G92,30/03/2015,16.85,16.905,16.765,16.85,710
JE00B9689G92,31/03/2015,16.85,16.955,16.48,16.63,1535
JE00B9689G92,01/04/2015,16.855,17.1,16.67,16.72,5147
JE00B9689G92,02/04/2015,16.645,17.18,16.645,16.725,2340
JE00B9689G92,07/04/2015,17.745,17.745,17.25,17.545,3723
JE00B9689G92,08/04/2015,17.55,17.55,17.135,17.29,3473
JE00B9689G92,09/04/2015,16.89,17.54,16.89,17.485,27473
JE00B9689G92,10/04/2015,17.83,18.115,17.83,18,26316
JE00B9689G92,13/04/2015,18.11,18.395,18.04,18.35,5892
JE00B9689G92,14/04/2015,18.23,18.23,17.55,17.55,2096
JE00B9689G92,15/04/2015,17.915,18.06,17.915,18.06,508
JE00B9689G92,16/04/2015,17.99,17.99,17.245,17.25,8548
JE00B9689G92,17/04/2015,17.085,17.235,16.105,16.135,34537
JE00B9689G92,20/04/2015,15.76,16.695,15.76,16.675,3199
JE00B9689G92,21/04/2015,16.995,16.995,16.655,16.975,718
JE00B9689G92,22/04/2015,16.52,16.96,16.52,16.96,380
JE00B9689G92,23/04/2015,17,17,16.395,16.43,19890
JE00B9689G92,24/04/2015,16.825,16.925,16.4,16.4,30420
JE00B9689G92,27/04/2015,17.075,17.525,17.075,17.375,660
JE00B9689G92,28/04/2015,17.25,17.25,16.565,16.76,26785
JE00B9689G92,29/04/2015,16.75,16.75,15.56,15.76,10970
JE00B9689G92,30/04/2015,15.43,15.73,14.99,15.32,34408
JE00B9689G92,04/05/2015,15.61,15.975,15.61,15.815,733
JE00B9689G92,05/05/2015,15.815,15.815,14.615,15.815,50
JE00B9689G92,06/05/2015,14.7,14.94,14.435,14.435,7644
JE00B9689G92,07/05/2015,14.21,14.905,14.09,14.73,5429
JE00B9689G92,08/05/2015,15.1,15.94,15.1,15.53,930
JE00B9689G92,11/05/2015,15.8,15.8,15.68,15.72,25098
JE00B9689G92,12/05/2015,15.175,15.24,14.815,15.18,1150
JE00B9689G92,13/05/2015,15.28,15.57,14.7,14.7,2785
JE00B9689G92,14/05/2015,14.7,15.59,14.1,15.52,2810
JE00B9689G92,15/05/2015,15.565,15.66,15.08,15.08,700
JE00B9689G92,18/05/2015,15.08,15.295,15.08,15.08,335
JE00B9689G92,19/05/2015,16.3,16.425,16.2,16.35,2439
JE00B9689G92,20/05/2015,16.375,16.695,16.375,16.645,2541
JE00B9689G92,21/05/2015,17.065,17.065,16.43,16.565,2130
JE00B9689G92,22/05/2015,16.695,16.695,16.58,16.63,500
JE00B9689G92,25/05/2015,15.91,16.79,15.91,16.79,630
JE00B9689G92,26/05/2015,16,16.23,15.705,16.23,1096
JE00B9689G92,27/05/2015,15.985,16.73,15.985,16.73,1646
JE00B9689G92,28/05/2015,16.73,16.73,15.985,15.985,1235
JE00B9689G92,29/05/2015,15.85,16.11,15.185,15.185,9622
JE00B9689G92,01/06/2015,15.435,15.58,15.055,15.055,3803
JE00B9689G92,02/06/2015,15.27,15.35,15.16,15.35,25005
JE00B9689G92,03/06/2015,15.3,15.54,15.3,15.47,904
JE00B9689G92,04/06/2015,15.03,15.405,14.5,15.405,36516
JE00B9689G92,05/06/2015,14.7,14.78,14.31,14.51,13331
JE00B9689G92,08/06/2015,14.495,14.495,14,14,6290
JE00B9689G92,09/06/2015,13.895,13.905,13.29,13.855,31086
JE00B9689G92,10/06/2015,13.63,15.175,13.63,14.715,6250
JE00B9689G92,11/06/2015,15.01,15.455,14.515,15.035,74950
JE00B9689G92,12/06/2015,14.72,15.01,14.185,14.185,62007
JE00B9689G92,15/06/2015,13.805,14.005,13.45,13.74,66831
JE00B9689G92,16/06/2015,13.73,13.785,12.98,13.68,5415
JE00B9689G92,17/06/2015,13.85,13.88,13.37,13.55,3153
JE00B9689G92,18/06/2015,13.115,13.655,13.01,13.53,9060
JE00B9689G92,19/06/2015,14.1,14.28,13.71,13.91,12477
JE00B9689G92,22/06/2015,14.875,15.54,14.715,15.45,14540
JE00B9689G92,23/06/2015,15.725,16.13,15.725,15.86,19132
JE00B9689G92,24/06/2015,16,16,15.37,15.72,36929
JE00B9689G92,25/06/2015,15.54,15.96,15.49,15.49,9773
JE00B9689G92,26/06/2015,15.4,16.005,15.4,15.95,16395
JE00B9689G92,29/06/2015,13.5,14.53,13.345,13.97,16109
JE00B9689G92,30/06/2015,13.69,14.015,13.22,13.515,58901
JE00B9689G92,01/07/2015,13.62,14.605,13.56,14.255,15990
JE00B9689G92,02/07/2015,14.2,14.2,13.71,13.71,2500
JE00B9689G92,03/07/2015,13.62,13.64,13.3,13.5,59741
JE00B9689G92,06/07/2015,13.15,13.15,12.265,12.83,2876
JE00B9689G92,07/07/2015,12.6,12.62,11.78,11.815,95172
JE00B9689G92,08/07/2015,12.075,12.275,11.92,12.19,11759
JE00B9689G92,09/07/2015,12.47,13.22,12.45,13.02,10867
JE00B9689G92,10/07/2015,13.77,14.445,13.77,14.44,23016
JE00B9689G92,13/07/2015,15.14,15.255,14.865,15.135,36514
JE00B9689G92,14/07/2015,15.06,15.32,14.9,15.32,3613
JE00B9689G92,15/07/2015,15.34,15.62,15.29,15.55,48552
JE00B9689G92,16/07/2015,15.85,16.47,15.845,16.255,30804
JE00B9689G92,17/07/2015,16.425,16.425,16.06,16.165,8802
JE00B9689G92,20/07/2015,16.675,17.05,16.29,16.42,19520
JE00B9689G92,21/07/2015,16.47,16.47,15.83,15.875,37714
JE00B9689G92,22/07/2015,15.83,15.84,15.59,15.775,6527
JE00B9689G92,23/07/2015,16.07,16.07,15.665,15.685,3512
JE00B9689G92,24/07/2015,15.84,15.89,15.23,15.235,31712
JE00B9689G92,27/07/2015,14.865,14.865,14.18,14.35,57962
JE00B9689G92,28/07/2015,14.43,14.76,14.31,14.76,7277
JE00B9689G92,29/07/2015,14.905,14.94,14.71,14.71,795
JE00B9689G92,30/07/2015,15.19,15.19,14.9,14.9,5653
JE00B9689G92,31/07/2015,15.04,15.125,14.78,15.125,33678
JE00B9689G92,03/08/2015,15.175,15.625,15.175,15.625,33316
JE00B9689G92,04/08/2015,15.29,15.43,15.29,15.43,2499
JE00B9689G92,05/08/2015,15.9,16.21,15.9,16.21,4787
JE00B9689G92,06/08/2015,16.085,16.225,16.085,16.085,2550
JE00B9689G92,07/08/2015,15.94,15.995,15.68,15.74,23595
JE00B9689G92,10/08/2015,15.675,16.22,15.595,16.22,17617
JE00B9689G92,11/08/2015,15.96,15.96,15.23,15.29,10495
JE00B9689G92,12/08/2015,14.815,14.815,13.6,13.68,33722
JE00B9689G92,13/08/2015,14.43,14.48,14.1,14.1,55762
JE00B9689G92,14/08/2015,14.13,14.13,13.635,13.83,4420
JE00B9689G92,17/08/2015,14.305,14.305,13.545,13.72,12939
JE00B9689G92,18/08/2015,13.92,14,13.9,14,9942
JE00B9689G92,19/08/2015,13.405,13.635,13.13,13.335,20534
JE00B9689G92,20/08/2015,13,13,12.165,12.17,23020
JE00B9689G92,21/08/2015,11.765,12.15,11.165,11.23,11807
JE00B9689G92,24/08/2015,10.2,10.37,8.505,9.255,199407
JE00B9689G92,25/08/2015,9.81,10.75,9.57,10.75,80840
JE00B9689G92,26/08/2015,9.925,10.57,9.785,10.17,54794
JE00B9689G92,27/08/2015,10.765,11.265,10.765,11.19,8436
JE00B9689G92,28/08/2015,11.19,11.19,10.925,10.96,34752
JE00B9689G92,31/08/2015,11.075,11.075,10.795,10.865,6875
JE00B9689G92,01/09/2015,10.44,10.44,9.93,10.185,8300
JE00B9689G92,02/09/2015,10.42,10.54,10.19,10.415,8600
JE00B9689G92,03/09/2015,10.6,11.245,10.56,11.21,10878
JE00B9689G92,04/09/2015,10.525,10.525,9.91,10.11,6592
JE00B9689G92,07/09/2015,10.325,10.37,10.205,10.28,1250
JE00B9689G92,08/09/2015,10.505,10.97,10.49,10.74,5769
JE00B9689G92,09/09/2015,11.395,11.46,11.02,11.02,7279
JE00B9689G92,10/09/2015,10.635,10.78,10.485,10.505,9121
JE00B9689G92,11/09/2015,10.33,10.33,10.135,10.17,9550
JE00B9689G92,14/09/2015,10.43,10.43,10.15,10.15,3550
JE00B9689G92,15/09/2015,9.915,10.39,9.9,10.375,9119
JE00B9689G92,16/09/2015,10.62,10.795,10.62,10.675,12942
JE00B9689G92,17/09/2015,10.775,10.865,10.665,10.84,43540
JE00B9689G92,18/09/2015,10.435,10.525,9.67,9.97,105680
JE00B9689G92,21/09/2015,9.8,10.18,9.8,10.13,1450
JE00B9689G92,22/09/2015,9.66,9.66,9,9,121235
JE00B9689G92,23/09/2015,8.91,9.4,8.91,9.195,125195
JE00B9689G92,24/09/2015,8.985,9.22,8.35,8.4,8681
JE00B9689G92,25/09/2015,9.075,9.47,9.06,9.47,10260
JE00B9689G92,28/09/2015,9.23,9.23,8.64,8.75,130757
JE00B9689G92,29/09/2015,8.65,8.805,8.35,8.625,24610
JE00B9689G92,30/09/2015,9.175,9.645,9.08,9.325,48525
JE00B9689G92,01/10/2015,9.59,9.59,8.9,8.975,13825
JE00B9689G92,02/10/2015,9.21,9.43,8.725,8.83,77846
JE00B9689G92,05/10/2015,9.615,10.08,9.485,10,31307
JE00B9689G92,06/10/2015,10.01,10.425,9.88,10.35,43782
JE00B9689G92,07/10/2015,10.485,10.77,10.265,10.31,18151
JE00B9689G92,08/10/2015,10.31,10.31,10.105,10.305,6950
JE00B9689G92,09/10/2015,10.625,10.715,10.565,10.6,33522
JE00B9689G92,12/10/2015,10.5,10.715,10.405,10.415,18520
JE00B9689G92,13/10/2015,10.085,10.385,10.025,10.385,32946
JE00B9689G92,14/10/2015,10.015,10.33,9.95,10.33,35929
JE00B9689G92,15/10/2015,10.405,10.485,10.37,10.425,4981
JE00B9689G92,16/10/2015,10.63,10.78,10.63,10.7,67673
JE00B9689G92,19/10/2015,10.975,10.99,10.785,10.86,6002
JE00B9689G92,20/10/2015,10.835,10.835,10.51,10.625,78649
JE00B9689G92,21/10/2015,10.59,10.88,10.51,10.745,27135
JE00B9689G92,22/10/2015,10.84,11.675,10.84,11.61,17052
JE00B9689G92,23/10/2015,11.905,12.795,11.905,12.355,168212
JE00B9689G92,26/10/2015,12.23,12.41,12.15,12.15,4308
JE00B9689G92,27/10/2015,12.145,12.195,11.91,11.96,38704
JE00B9689G92,28/10/2015,12.14,12.365,12.08,12.365,31820
JE00B9689G92,29/10/2015,12.39,12.395,12,12.01,33072
JE00B9689G92,30/10/2015,12.26,12.29,12.02,12.02,2699
JE00B9689G92,02/11/2015,11.965,12.48,11.965,12.4,74235
JE00B9689G92,03/11/2015,12.385,12.485,12.3,12.42,16461
JE00B9689G92,04/11/2015,12.57,12.815,12.475,12.5,152045
JE00B9689G92,05/11/2015,12.51,12.85,12.255,12.465,129469
JE00B9689G92,06/11/2015,12.44,12.935,12.33,12.815,129685
JE00B9689G92,09/11/2015,12.775,12.775,12.26,12.26,118267
JE00B9689G92,10/11/2015,12.43,12.43,12,12.375,38409
JE00B9689G92,11/11/2015,12.455,12.78,12.44,12.525,41206
JE00B9689G92,12/11/2015,12.345,12.465,11.905,12.15,52533
JE00B9689G92,13/11/2015,11.73,11.73,11.47,11.5,36741
JE00B9689G92,16/11/2015,11.21,11.72,11.21,11.605,1963
JE00B9689G92,17/11/2015,11.97,12.52,11.97,12.52,60466
JE00B9689G92,18/11/2015,12.345,12.495,12.25,12.345,57380
JE00B9689G92,19/11/2015,12.57,12.81,12.44,12.44,50247
JE00B9689G92,20/11/2015,12.485,12.6,12.415,12.57,2250
JE00B9689G92,23/11/2015,12.34,12.6,12.34,12.6,30515
JE00B9689G92,24/11/2015,12.36,12.36,11.8,12.1,31991
JE00B9689G92,25/11/2015,12.165,12.75,12.165,12.695,16610
JE00B9689G92,26/11/2015,12.605,13.165,12.605,13.06,30029
JE00B9689G92,27/11/2015,12.885,13.2,12.82,13.01,10267
JE00B9689G92,30/11/2015,12.915,13.3,12.85,13.155,65601
JE00B9689G92,01/12/2015,13.3,13.3,12.735,12.915,13228
JE00B9689G92,02/12/2015,12.955,13.045,12.76,12.795,13077
JE00B9689G92,03/12/2015,12.895,13.25,11.485,11.495,212495
JE00B9689G92,04/12/2015,11.29,11.375,11,11.3,41059
JE00B9689G92,07/12/2015,11.5,11.91,11.5,11.5,14620
JE00B9689G92,08/12/2015,11.34,11.36,10.955,11.035,4310
JE00B9689G92,09/12/2015,11,11.095,10.6,10.9,11447
JE00B9689G92,10/12/2015,10.5,10.7,10.495,10.7,1427
JE00B9689G92,11/12/2015,10.4,10.4,9.95,10.14,21240
JE00B9689G92,14/12/2015,10.35,10.35,9.4,9.525,21852
JE00B9689G92,15/12/2015,9.785,10.31,9.785,10.285,37042
JE00B9689G92,16/12/2015,10.435,10.61,10.17,10.61,20345
JE00B9689G92,17/12/2015,10.78,11.205,10.78,10.945,44642
JE00B9689G92,18/12/2015,10.665,10.665,10.32,10.49,16329
JE00B9689G92,21/12/2015,10.22,10.75,10.03,10.03,9198
JE00B9689G92,22/12/2015,10.275,10.275,9.8,10.085,28813
JE00B9689G92,23/12/2015,10.38,10.69,10.38,10.69,13580
JE00B9689G92,28/12/2015,10.68,10.68,10.39,10.41,1650
JE00B9689G92,29/12/2015,10.71,10.885,10.71,10.85,3945
JE00B9689G92,30/12/2015,10.88,10.91,10.725,10.725,6180
JE00B9689G92,04/01/2016,10.16,10.16,9.36,9.4,44465
JE00B9689G92,05/01/2016,9.64,9.755,9.39,9.62,30687
JE00B9689G92,06/01/2016,9.38,9.45,9.04,9.18,120165
JE00B9689G92,07/01/2016,8.575,8.925,8.3,8.79,23404
JE00B9689G92,08/01/2016,9.05,9.05,8.365,8.37,28464
JE00B9689G92,11/01/2016,8.35,8.675,8.35,8.375,37585
JE00B9689G92,12/01/2016,8.265,8.85,8.265,8.605,49209
JE00B9689G92,13/01/2016,8.89,9.07,8.635,8.865,56216
JE00B9689G92,14/01/2016,8.355,8.5,7.85,8.34,30362
JE00B9689G92,15/01/2016,8.2,8.25,7.535,7.625,115340
JE00B9689G92,18/01/2016,7.625,7.92,7.475,7.645,41914
JE00B9689G92,19/01/2016,7.96,8.36,7.86,7.86,9646
JE00B9689G92,20/01/2016,7.32,7.33,6.885,7.045,91366
JE00B9689G92,21/01/2016,7.12,7.675,7.1,7.55,250378
JE00B9689G92,22/01/2016,8.065,8.365,7.905,8.165,111906
JE00B9689G92,25/01/2016,8.21,8.215,7.99,8.005,58272
JE00B9689G92,26/01/2016,7.63,8.29,7.63,8.29,109793
JE00B9689G92,27/01/2016,8.19,8.29,8.06,8.27,25129
JE00B9689G92,28/01/2016,8.42,8.42,7.62,7.87,51493
JE00B9689G92,29/01/2016,8.175,8.25,8.04,8.23,13844
JE00B9689G92,01/02/2016,8.28,8.28,7.95,7.95,4501
JE00B9689G92,02/02/2016,7.85,7.865,7.49,7.59,22876
JE00B9689G92,03/02/2016,7.43,7.55,6.93,7.2,34904
JE00B9689G92,04/02/2016,7.415,7.42,7.06,7.235,55475
JE00B9689G92,05/02/2016,7.39,7.4,7.01,7.01,99130
JE00B9689G92,08/02/2016,6.775,6.775,6.34,6.34,285704
JE00B9689G92,09/02/2016,6.375,6.45,5.865,6.065,131045
JE00B9689G92,10/02/2016,6.11,6.57,6.11,6.57,91585
JE00B9689G92,11/02/2016,5.945,5.965,5.54,5.715,175060
JE00B9689G92,12/02/2016,5.9,6.065,5.75,6,20270
JE00B9689G92,15/02/2016,6.5,6.76,6.5,6.61,100058
JE00B9689G92,16/02/2016,6.78,6.78,6.465,6.565,32477
JE00B9689G92,17/02/2016,6.66,7.065,6.655,7.05,37547
JE00B9689G92,18/02/2016,7.135,7.305,6.98,7,138585
JE00B9689G92,19/02/2016,7.02,7.035,6.73,6.75,118338
JE00B9689G92,22/02/2016,7.09,7.31,7.09,7.255,49772
JE00B9689G92,23/02/2016,7.16,7.31,6.955,6.955,39031
JE00B9689G92,24/02/2016,6.835,6.835,6.355,6.415,45352
JE00B9689G92,25/02/2016,6.7,6.84,6.64,6.775,15630
JE00B9689G92,26/02/2016,7.17,7.38,7.13,7.34,271916
JE00B9689G92,29/02/2016,7.045,7.37,6.9,7.37,22903
JE00B9689G92,01/03/2016,7.415,7.75,7.39,7.745,154165
JE00B9689G92,02/03/2016,7.88,8,7.705,7.905,202239
JE00B9689G92,03/03/2016,7.93,7.95,7.755,7.88,60761
JE00B9689G92,04/03/2016,7.99,8.17,7.865,8.01,49125
JE00B9689G92,07/03/2016,7.97,7.99,7.755,7.86,41934
JE00B9689G92,08/03/2016,7.645,7.965,7.535,7.735,182408
JE00B9689G92,09/03/2016,7.96,8.1,7.875,7.93,58054
JE00B9689G92,10/03/2016,7.87,8.76,7.515,7.515,390762
JE00B9689G92,11/03/2016,8.065,8.29,8.05,8.24,177184
JE00B9689G92,14/03/2016,8.5,8.665,8.355,8.4,53643
JE00B9689G92,15/03/2016,8.305,8.305,8.15,8.215,13168
JE00B9689G92,16/03/2016,8.235,8.235,8.2,8.22,1510
JE00B9689G92,17/03/2016,8.465,8.465,7.8,7.96,127546
JE00B9689G92,18/03/2016,8.055,8.245,8.055,8.175,41773
JE00B9689G92,21/03/2016,8.045,8.395,8.045,8.06,50200
JE00B9689G92,22/03/2016,7.765,8.115,7.73,8.015,47685
JE00B9689G92,23/03/2016,8.27,8.3,8,8,52326
JE00B9689G92,24/03/2016,7.785,7.81,7.63,7.63,17386
JE00B9689G92,29/03/2016,7.85,7.91,7.65,7.65,6134
JE00B9689G92,30/03/2016,7.95,8.2,7.95,8.2,42244
JE00B9689G92,31/03/2016,7.93,7.93,7.8,7.825,2747
JE00B9689G92,01/04/2016,7.465,7.465,7.14,7.41,92088
JE00B9689G92,04/04/2016,7.32,7.65,7.215,7.65,55226
JE00B9689G92,05/04/2016,6.97,7.065,6.9,6.91,7707
JE00B9689G92,06/04/2016,7.015,7.04,6.865,6.97,18060
JE00B9689G92,07/04/2016,7.03,7.065,6.73,6.79,11725
JE00B9689G92,08/04/2016,6.92,7.03,6.92,6.92,1000
JE00B9689G92,11/04/2016,6.92,7.26,6.92,7.19,737
JE00B9689G92,12/04/2016,7.23,7.25,7.19,7.21,330
JE00B9689G92,13/04/2016,7.4,7.965,7.4,7.965,104744
JE00B9689G92,14/04/2016,8,8.15,7.975,8.15,13123
JE00B9689G92,15/04/2016,8.14,8.14,8.065,8.1,48867
JE00B9689G92,18/04/2016,7.97,8.265,7.72,8.22,26782
JE00B9689G92,19/04/2016,8.315,8.6,8.295,8.6,68355
JE00B9689G92,20/04/2016,8.45,8.875,8.45,8.86,21331
JE00B9689G92,21/04/2016,8.875,8.97,8.72,8.85,20390
JE00B9689G92,22/04/2016,8.775,8.84,8.755,8.8,9950
JE00B9689G92,25/04/2016,8.6,8.695,8.525,8.625,12035
JE00B9689G92,26/04/2016,8.895,8.9,8.58,8.66,14509
JE00B9689G92,27/04/2016,8.64,8.745,8.6,8.735,5060
JE00B9689G92,28/04/2016,8.355,8.735,8.305,8.735,12852
JE00B9689G92,29/04/2016,8.85,8.85,7.985,8.04,25878
JE00B9689G92,02/05/2016,8,8.135,7.98,8.135,2298
JE00B9689G92,03/05/2016,7.75,7.75,7.6,7.62,13265
JE00B9689G92,04/05/2016,7.64,7.64,7.26,7.455,13660
JE00B9689G92,05/05/2016,7.38,7.5,7.28,7.43,12513
JE00B9689G92,06/05/2016,7.255,7.41,7.25,7.345,7238
JE00B9689G92,09/05/2016,7.5,7.7,7.5,7.515,10903
JE00B9689G92,10/05/2016,7.83,7.9,7.665,7.71,34868
JE00B9689G92,11/05/2016,7.55,7.575,7.485,7.565,61948
JE00B9689G92,12/05/2016,7.695,7.78,7.345,7.685,51535
JE00B9689G92,13/05/2016,7.215,7.635,7.185,7.635,134820
JE00B9689G92,16/05/2016,7.375,7.51,7.31,7.51,13541
JE00B9689G92,17/05/2016,7.7,7.855,7.395,7.515,5442
JE00B9689G92,18/05/2016,7.265,7.59,7.265,7.59,3650
JE00B9689G92,19/05/2016,7.29,7.44,7.29,7.375,109876
JE00B9689G92,20/05/2016,7.62,7.62,7.56,7.615,1440
JE00B9689G92,23/05/2016,7.385,7.51,7.385,7.48,10256
JE00B9689G92,24/05/2016,7.365,8.09,7.365,8.09,35167
JE00B9689G92,25/05/2016,8.2,8.515,8.19,8.475,224525
JE00B9689G92,26/05/2016,8.455,8.565,8.455,8.565,2333
JE00B9689G92,27/05/2016,8.515,8.64,8.515,8.545,23077
JE00B9689G92,30/05/2016,8.65,8.73,8.61,8.73,26083
JE00B9689G92,31/05/2016,8.68,8.71,8.455,8.455,97913
JE00B9689G92,01/06/2016,8.37,8.48,8.175,8.295,171121
JE00B9689G92,02/06/2016,8.28,8.285,8.265,8.285,108
JE00B9689G92,03/06/2016,8.355,8.355,7.865,7.905,6600
JE00B9689G92,06/06/2016,7.915,8.055,7.915,8.05,9319
JE00B9689G92,07/06/2016,8.295,8.4,8.295,8.335,58953
JE00B9689G92,08/06/2016,8.13,8.275,8.1,8.1,9491
JE00B9689G92,09/06/2016,7.975,7.975,7.905,7.965,5025
JE00B9689G92,10/06/2016,7.81,7.81,7.33,7.33,26537
JE00B9689G92,13/06/2016,6.975,7.13,6.855,6.855,13543
JE00B9689G92,14/06/2016,6.7,6.86,6.445,6.495,10769
JE00B9689G92,15/06/2016,6.68,6.8,6.625,6.8,53195
JE00B9689G92,16/06/2016,6.48,6.66,6.4,6.6,6390
JE00B9689G92,17/06/2016,6.8,6.985,6.76,6.775,29478
JE00B9689G92,20/06/2016,7.425,7.57,7.35,7.49,69794
JE00B9689G92,21/06/2016,7.52,7.78,7.495,7.72,36376
JE00B9689G92,22/06/2016,7.86,7.99,7.755,7.93,62467
JE00B9689G92,23/06/2016,7.95,8.365,7.95,8.225,148411
JE00B9689G92,24/06/2016,6.6,6.98,5.915,6.125,534639
JE00B9689G92,27/06/2016,6.095,6.225,5.48,5.615,97695
JE00B9689G92,28/06/2016,6.01,6.19,5.985,5.995,61043
JE00B9689G92,29/06/2016,6.235,6.475,6.22,6.415,140864
JE00B9689G92,30/06/2016,6.25,6.7,6.25,6.665,126889
JE00B9689G92,01/07/2016,6.795,6.89,6.635,6.8,51183
JE00B9689G92,04/07/2016,6.865,6.865,6.67,6.67,26359
JE00B9689G92,05/07/2016,6.44,6.485,6.27,6.27,28776
JE00B9689G92,06/07/2016,6.2,6.2,5.865,6.01,22382
JE00B9689G92,07/07/2016,6.1,6.205,6.085,6.19,12675
JE00B9689G92,08/07/2016,6.06,6.505,6.06,6.48,70276
JE00B9689G92,11/07/2016,6.67,6.815,6.495,6.8,80070
JE00B9689G92,12/07/2016,6.825,7.185,6.825,7.115,148346
JE00B9689G92,13/07/2016,7.195,7.225,7.015,7.17,27966
JE00B9689G92,14/07/2016,7.245,7.445,7.2,7.375,33190
JE00B9689G92,15/07/2016,7.21,7.38,7.19,7.285,74021
JE00B9689G92,18/07/2016,7.495,7.5,7.245,7.305,15100
JE00B9689G92,19/07/2016,7.08,7.115,6.975,7.11,7106
JE00B9689G92,20/07/2016,7.255,7.395,7.255,7.365,37621
JE00B9689G92,21/07/2016,7.42,7.42,7.29,7.335,3261
JE00B9689G92,22/07/2016,7.305,7.43,7.305,7.39,27677
JE00B9689G92,25/07/2016,7.46,7.6,7.34,7.395,8036
JE00B9689G92,26/07/2016,7.44,7.485,7.285,7.45,20296
JE00B9689G92,27/07/2016,7.55,7.75,7.55,7.64,3696
JE00B9689G92,28/07/2016,7.575,7.62,7.43,7.475,42251
JE00B9689G92,29/07/2016,7.495,7.5,7.385,7.385,12138
JE00B9689G92,01/08/2016,7.745,7.765,7.39,7.4,47786
JE00B9689G92,02/08/2016,7.2,7.2,6.92,6.92,69174
JE00B9689G92,03/08/2016,6.95,6.96,6.88,6.96,1444
JE00B9689G92,04/08/2016,7.06,7.105,7.06,7.075,1845
JE00B9689G92,05/08/2016,7.23,7.44,7.23,7.44,46843
JE00B9689G92,08/08/2016,7.53,7.6,7.51,7.51,115492
JE00B9689G92,09/08/2016,7.585,7.83,7.585,7.77,37588
JE00B9689G92,10/08/2016,7.73,7.82,7.73,7.81,9752
JE00B9689G92,11/08/2016,7.725,7.995,7.725,7.995,9631
JE00B9689G92,12/08/2016,7.99,8.005,7.94,7.97,16945
JE00B9689G92,16/08/2016,7.87,7.87,7.705,7.8,15629
JE00B9689G92,17/08/2016,7.59,7.59,7.45,7.52,68070
JE00B9689G92,18/08/2016,7.54,7.585,7.43,7.56,10403
JE00B9689G92,19/08/2016,7.525,7.525,7.275,7.35,11685
JE00B9689G92,22/08/2016,7.45,7.59,7.275,7.275,6900
JE00B9689G92,23/08/2016,7.54,7.61,7.505,7.56,276001
JE00B9689G92,24/08/2016,7.37,7.725,7.37,7.695,7793
JE00B9689G92,25/08/2016,7.55,7.55,7.435,7.525,139193
JE00B9689G92,26/08/2016,7.45,7.72,7.45,7.675,1900
JE00B9689G92,29/08/2016,7.62,7.62,7.45,7.585,3410
JE00B9689G92,30/08/2016,7.675,7.925,7.675,7.845,25179
JE00B9689G92,31/08/2016,7.82,7.97,7.79,7.93,13070
JE00B9689G92,01/09/2016,7.965,8,7.68,7.705,201950
JE00B9689G92,02/09/2016,7.845,8.225,7.825,8.2,26152
JE00B9689G92,05/09/2016,8.3,8.33,8.2,8.215,67267
JE00B9689G92,06/09/2016,8.255,8.31,8.1,8.14,7493
JE00B9689G92,07/09/2016,8.18,8.32,8.18,8.27,11835
JE00B9689G92,08/09/2016,8.35,8.365,7.97,8.24,129986
JE00B9689G92,09/09/2016,8.21,8.21,7.96,7.96,2785
JE00B9689G92,12/09/2016,7.57,7.66,7.445,7.635,31836
JE00B9689G92,13/09/2016,7.785,7.785,7.38,7.435,17341
JE00B9689G92,14/09/2016,7.365,7.475,7.33,7.335,18269
JE00B9689G92,15/09/2016,7.28,7.385,7.185,7.35,67790
JE00B9689G92,16/09/2016,7.3,7.3,7.07,7.09,97606
JE00B9689G92,19/09/2016,7.27,7.36,7.27,7.36,15115
JE00B9689G92,20/09/2016,7.255,7.425,7.255,7.405,45507
JE00B9689G92,21/09/2016,7.5,7.625,7.43,7.44,13592
JE00B9689G92,22/09/2016,7.625,8.025,7.62,7.96,153313
JE00B9689G92,23/09/2016,7.88,7.9,7.79,7.79,11018
JE00B9689G92,26/09/2016,7.505,7.505,7.36,7.4,203427
JE00B9689G92,27/09/2016,7.49,7.535,7.2,7.28,50610
JE00B9689G92,28/09/2016,7.5,7.64,7.455,7.455,91845
JE00B9689G92,29/09/2016,7.65,7.79,7.45,7.485,12740
JE00B9689G92,30/09/2016,7.085,7.585,6.97,7.585,71011
JE00B9689G92,03/10/2016,7.56,7.63,7.505,7.515,3130
JE00B9689G92,04/10/2016,7.64,7.815,7.635,7.8,45180
JE00B9689G92,05/10/2016,7.505,7.8,7.505,7.77,21323
JE00B9689G92,06/10/2016,7.835,7.835,7.685,7.805,9573
JE00B9689G92,07/10/2016,7.655,7.7,7.55,7.55,3251
JE00B9689G92,10/10/2016,7.52,7.83,7.43,7.815,27230
JE00B9689G92,11/10/2016,7.76,7.92,7.69,7.695,7933
JE00B9689G92,12/10/2016,7.65,7.69,7.6,7.625,25990
JE00B9689G92,13/10/2016,7.505,7.505,7.24,7.36,72609
JE00B9689G92,14/10/2016,7.44,7.83,7.44,7.74,44358
JE00B9689G92,17/10/2016,7.65,7.655,7.58,7.6,22300
JE00B9689G92,18/10/2016,7.76,7.925,7.76,7.905,41730
JE00B9689G92,19/10/2016,7.84,8.01,7.84,7.985,19773
JE00B9689G92,20/10/2016,7.99,8.205,7.885,8.1,46207
JE00B9689G92,21/10/2016,8.155,8.18,8.06,8.1,52872
JE00B9689G92,24/10/2016,8.235,8.41,8.235,8.39,13595
JE00B9689G92,25/10/2016,8.365,8.365,8.19,8.21,76237
JE00B9689G92,26/10/2016,8.14,8.175,8.02,8.07,30100
JE00B9689G92,27/10/2016,8.3,8.3,8.1,8.18,5720
JE00B9689G92,28/10/2016,8.055,8.145,8,8.07,6155
JE00B9689G92,31/10/2016,8.025,8.04,7.94,8.01,9920
JE00B9689G92,01/11/2016,7.84,7.84,7.675,7.715,17770
JE00B9689G92,02/11/2016,7.65,7.65,7.4,7.415,22956
JE00B9689G92,03/11/2016,7.42,7.495,7.345,7.39,41430
JE00B9689G92,04/11/2016,7.31,7.31,7.11,7.22,198346
JE00B9689G92,07/11/2016,7.44,7.845,7.44,7.525,17292
JE00B9689G92,08/11/2016,7.66,7.71,7.56,7.705,69660
JE00B9689G92,09/11/2016,7.51,7.915,6.995,7.915,228324
JE00B9689G92,10/11/2016,7.94,8.34,7.75,7.75,50050
JE00B9689G92,11/11/2016,7.99,7.99,7.65,7.72,12533
JE00B9689G92,14/11/2016,7.955,8.06,7.775,7.82,7782
JE00B9689G92,15/11/2016,7.91,7.945,7.835,7.86,65000
JE00B9689G92,16/11/2016,7.905,7.905,7.64,7.72,28580
JE00B9689G92,17/11/2016,7.73,7.84,7.7,7.79,2328
JE00B9689G92,18/11/2016,7.845,7.845,7.695,7.71,12410
JE00B9689G92,21/11/2016,7.73,7.82,7.605,7.805,26410
JE00B9689G92,22/11/2016,7.9,8,7.875,7.93,6551
JE00B9689G92,23/11/2016,7.855,7.855,7.685,7.8,10648
JE00B9689G92,24/11/2016,7.9,7.905,7.76,7.835,9700
JE00B9689G92,25/11/2016,7.92,7.92,7.895,7.91,680
JE00B9689G92,28/11/2016,7.73,7.755,7.645,7.7,9260
JE00B9689G92,29/11/2016,7.775,7.81,7.7,7.81,9967
JE00B9689G92,30/11/2016,7.785,7.995,7.785,7.995,75940
JE00B9689G92,01/12/2016,7.72,7.815,7.7,7.76,37061
JE00B9689G92,02/12/2016,7.65,7.705,7.46,7.705,28288
JE00B9689G92,05/12/2016,7.72,8.05,7.72,7.915,24358
JE00B9689G92,06/12/2016,7.965,8.35,7.965,8.35,26506
JE00B9689G92,07/12/2016,8.405,8.64,8.405,8.64,49904
JE00B9689G92,08/12/2016,8.645,9.05,8.64,9.005,88881
JE00B9689G92,09/12/2016,9.1,9.15,8.95,9.15,28240
JE00B9689G92,12/12/2016,9.12,9.18,9.035,9.13,31207
JE00B9689G92,13/12/2016,9.18,9.47,9.18,9.45,31325
JE00B9689G92,14/12/2016,9.62,9.67,9.2,9.2,5569
JE00B9689G92,15/12/2016,9.395,9.58,9.395,9.57,54151
JE00B9689G92,16/12/2016,9.545,9.725,9.53,9.705,14318
JE00B9689G92,19/12/2016,9.5,9.63,9.44,9.6,16464
JE00B9689G92,20/12/2016,9.7,9.825,9.7,9.8,16956
JE00B9689G92,21/12/2016,9.745,9.815,9.67,9.67,13601
JE00B9689G92,22/12/2016,9.69,9.745,9.65,9.65,2008
JE00B9689G92,23/12/2016,9.795,9.795,9.76,9.795,394
JE00B9689G92,27/12/2016,9.755,9.815,9.755,9.795,7645
JE00B9689G92,28/12/2016,9.795,9.805,9.745,9.775,14190
JE00B9689G92,29/12/2016,9.665,9.785,9.665,9.69,82865
JE00B9689G92,30/12/2016,9.68,9.855,9.68,9.845,47513
JE00B9689G92,02/01/2017,9.945,10.12,9.945,10.04,49200
JE00B9689G92,03/01/2017,10.195,10.27,10.135,10.21,9555
JE00B9689G92,04/01/2017,10.225,10.225,10.1,10.1,17786
JE00B9689G92,05/01/2017,10.16,10.205,10.1,10.1,3789
JE00B9689G92,06/01/2017,10.04,10.21,10.04,10.18,2050
JE00B9689G92,09/01/2017,10.165,10.165,9.965,10.045,18285
JE00B9689G92,10/01/2017,10.15,10.15,10,10.07,36756
JE00B9689G92,11/01/2017,9.875,10.16,9.875,10.15,4472
JE00B9689G92,12/01/2017,9.945,9.97,9.865,9.865,12880
JE00B9689G92,13/01/2017,10.135,10.215,10.135,10.215,1865
JE00B9689G92,16/01/2017,10.015,10.065,9.98,10.015,11610
JE00B9689G92,17/01/2017,9.83,9.96,9.715,9.91,2884
JE00B9689G92,18/01/2017,9.94,9.94,9.94,9.94,0
JE00B9689G92,19/01/2017,10.015,10.065,9.87,9.87,9233
JE00B9689G92,20/01/2017,9.965,9.965,9.965,9.965,0
JE00B9689G92,23/01/2017,9.675,9.84,9.67,9.71,12093
JE00B9689G92,24/01/2017,9.745,9.835,9.745,9.805,25410
JE00B9689G92,25/01/2017,9.98,10.315,9.98,10.295,49087
JE00B9689G92,26/01/2017,10.36,10.36,10.145,10.3,1290
JE00B9689G92,27/01/2017,10.14,10.14,9.98,10.02,10325
JE00B9689G92,30/01/2017,9.915,9.915,9.61,9.69,2244
JE00B9689G92,31/01/2017,9.725,9.73,9.465,9.54,40698
JE00B9689G92,01/02/2017,9.74,9.74,9.59,9.74,100
JE00B9689G92,02/02/2017,9.57,9.645,9.52,9.645,5600
JE00B9689G92,03/02/2017,9.8,9.845,9.78,9.82,19065
JE00B9689G92,06/02/2017,9.69,9.86,9.44,9.485,36835
JE00B9689G92,07/02/2017,9.445,9.53,9.425,9.465,1025
JE00B9689G92,08/02/2017,9.475,9.485,9.26,9.43,4124
JE00B9689G92,09/02/2017,9.615,9.84,9.615,9.775,18100
JE00B9689G92,10/02/2017,9.925,9.925,9.71,9.78,14327
JE00B9689G92,13/02/2017,9.82,10.135,9.82,10.085,29269
JE00B9689G92,14/02/2017,10.08,10.11,10.045,10.08,15300
JE00B9689G92,15/02/2017,10.19,10.32,10.135,10.255,32216
JE00B9689G92,16/02/2017,10.26,10.26,10.1,10.12,11747
JE00B9689G92,17/02/2017,10,10.045,9.91,10.045,21651
JE00B9689G92,20/02/2017,10.24,10.245,10.095,10.1,6142
JE00B9689G92,21/02/2017,10.11,10.415,10.11,10.415,29265
JE00B9689G92,22/02/2017,10.48,10.5,10.295,10.34,48546
JE00B9689G92,23/02/2017,10.395,10.44,10.3,10.33,959
JE00B9689G92,24/02/2017,10.3,10.3,9.88,10.03,168581
JE00B9689G92,27/02/2017,10.2,10.2,10.08,10.13,2975
JE00B9689G92,28/02/2017,10.235,10.235,10.235,10.235,0
JE00B9689G92,01/03/2017,10.295,10.84,10.295,10.84,4667
JE00B9689G92,02/03/2017,10.805,10.83,10.79,10.79,3638
JE00B9689G92,03/03/2017,10.735,10.99,10.695,10.93,11370
JE00B9689G92,06/03/2017,10.745,10.85,10.745,10.775,10749
JE00B9689G92,07/03/2017,10.81,10.81,10.685,10.73,4015
JE00B9689G92,08/03/2017,10.845,10.87,10.845,10.87,1105
JE00B9689G92,09/03/2017,10.85,11.05,10.85,11.02,6935
JE00B9689G92,10/03/2017,11.125,11.32,11.1,11.12,6107
JE00B9689G92,13/03/2017,11.07,11.105,11.07,11.08,10924
JE00B9689G92,14/03/2017,10.975,10.985,10.87,10.89,8535
JE00B9689G92,15/03/2017,10.95,11.025,10.95,11.02,1471
JE00B9689G92,16/03/2017,11.28,11.41,11.25,11.28,23741
JE00B9689G92,17/03/2017,11.25,11.46,11.25,11.365,33160
JE00B9689G92,20/03/2017,11.275,11.4,11.275,11.4,26946
JE00B9689G92,21/03/2017,11.45,11.625,11.16,11.16,5230
JE00B9689G92,22/03/2017,11.025,11.165,10.95,11.13,6640
JE00B9689G92,23/03/2017,11.125,11.435,11.125,11.425,3304
JE00B9689G92,24/03/2017,11.36,11.375,11.28,11.28,465
JE00B9689G92,27/03/2017,11.05,11.285,11.05,11.22,1880
JE00B9689G92,28/03/2017,11.4,11.57,11.4,11.5,2513
JE00B9689G92,29/03/2017,11.67,11.78,11.6,11.645,12185
JE00B9689G92,30/03/2017,11.725,11.785,11.63,11.635,2790
JE00B9689G92,31/03/2017,11.695,11.94,11.695,11.94,3856
JE00B9689G92,03/04/2017,11.97,12.015,11.7,11.74,8948
JE00B9689G92,04/04/2017,11.64,11.75,11.635,11.715,31736
JE00B9689G92,05/04/2017,11.84,11.84,11.665,11.715,1977
JE00B9689G92,06/04/2017,11.495,11.895,11.425,11.8,3905
JE00B9689G92,07/04/2017,11.7,11.9,11.685,11.835,33252
JE00B9689G92,10/04/2017,11.925,11.925,11.695,11.755,3176
JE00B9689G92,11/04/2017,11.68,11.76,11.5,11.5,13165
JE00B9689G92,12/04/2017,11.945,11.95,11.675,11.72,5690
JE00B9689G92,13/04/2017,11.58,11.58,11.415,11.42,13059
JE00B9689G92,18/04/2017,11.43,11.43,11.08,11.175,5482
JE00B9689G92,19/04/2017,11.13,11.235,11.13,11.185,1690
JE00B9689G92,20/04/2017,11.065,11.43,11.065,11.43,38466
JE00B9689G92,21/04/2017,11.32,11.495,11.32,11.4,45421
JE00B9689G92,24/04/2017,11.97,12.97,11.97,12.73,288854
JE00B9689G92,25/04/2017,12.855,12.915,12.72,12.805,222659
JE00B9689G92,26/04/2017,12.785,12.785,12.725,12.77,34433
JE00B9689G92,27/04/2017,12.67,12.735,12.57,12.685,5879
JE00B9689G92,28/04/2017,12.59,12.71,12.59,12.645,5799
JE00B9689G92,02/05/2017,12.7,12.86,12.7,12.805,37028
JE00B9689G92,03/05/2017,12.85,12.935,12.83,12.935,3566
JE00B9689G92,04/05/2017,13.19,13.41,13.175,13.4,14742
JE00B9689G92,05/05/2017,13.335,13.81,13.29,13.81,57932
JE00B9689G92,08/05/2017,13.985,13.985,13.585,13.695,72312
JE00B9689G92,09/05/2017,13.835,13.89,13.75,13.75,18231
JE00B9689G92,10/05/2017,13.7,13.71,13.58,13.66,6610
JE00B9689G92,11/05/2017,13.66,13.66,13.305,13.41,12355
JE00B9689G92,12/05/2017,13.52,13.64,13.52,13.55,1083
JE00B9689G92,15/05/2017,13.655,13.73,13.595,13.725,8620
JE00B9689G92,16/05/2017,13.76,13.86,13.72,13.775,28057
JE00B9689G92,17/05/2017,13.58,13.68,13.045,13.19,73869
JE00B9689G92,18/05/2017,13.135,13.135,12.6,12.92,35771
JE00B9689G92,19/05/2017,12.99,13.2,12.99,13.19,13451
JE00B9689G92,22/05/2017,13.285,13.285,13.07,13.125,59132
JE00B9689G92,23/05/2017,13.21,13.4,13.21,13.35,9330
JE00B9689G92,24/05/2017,13.295,13.33,13.2,13.235,995
JE00B9689G92,25/05/2017,13.45,13.45,13.135,13.26,5650
JE00B9689G92,26/05/2017,13.06,13.135,12.825,13.135,11648
JE00B9689G92,29/05/2017,13.13,13.135,13.13,13.13,190
JE00B9689G92,30/05/2017,12.815,12.94,12.815,12.94,4300
JE00B9689G92,31/05/2017,13.025,13.23,12.92,12.92,4589
JE00B9689G92,01/06/2017,13.075,13.1,13,13.085,1771
JE00B9689G92,02/06/2017,13.245,13.57,13.245,13.495,43000
JE00B9689G92,05/06/2017,13.395,13.395,13.18,13.2,11350
JE00B9689G92,06/06/2017,13.09,13.165,12.91,13.04,37346
JE00B9689G92,07/06/2017,13.025,13.2,12.9,13.17,3310
JE00B9689G92,08/06/2017,12.95,13.16,12.95,13.04,2260
JE00B9689G92,09/06/2017,13.24,13.4,13.24,13.275,588
JE00B9689G92,12/06/2017,13.14,13.17,12.85,12.9,2436
JE00B9689G92,13/06/2017,12.95,13.08,12.95,13,2759
JE00B9689G92,14/06/2017,13.2,13.335,12.965,12.965,89320
JE00B9689G92,15/06/2017,12.905,12.905,12.445,12.655,156874
JE00B9689G92,16/06/2017,12.94,12.94,12.7,12.7,6680
JE00B9689G92,19/06/2017,13.24,13.36,13.19,13.335,8275
JE00B9689G92,20/06/2017,13.45,13.45,13.105,13.155,1410
JE00B9689G92,21/06/2017,12.905,13,12.66,12.955,880
JE00B9689G92,22/06/2017,12.84,13.03,12.78,13.03,2460
JE00B9689G92,23/06/2017,12.9,12.9,12.7,12.7,9936
JE00B9689G92,26/06/2017,13.15,13.24,13.06,13.06,3610
JE00B9689G92,27/06/2017,12.905,12.99,12.745,12.825,35523
JE00B9689G92,28/06/2017,12.59,12.835,12.435,12.78,98353
JE00B9689G92,29/06/2017,12.94,12.98,12,12.075,31777
JE00B9689G92,30/06/2017,11.99,12.265,11.75,11.89,6855
JE00B9689G92,03/07/2017,11.965,12.285,11.965,12.255,82770
JE00B9689G92,04/07/2017,12.13,12.25,12.13,12.175,31456
JE00B9689G92,05/07/2017,12.09,12.17,12.09,12.16,750
JE00B9689G92,06/07/2017,11.78,12.045,11.78,11.97,14682
JE00B9689G92,07/07/2017,11.95,11.985,11.95,11.95,750
JE00B9689G92,10/07/2017,12.105,12.235,12.105,12.235,940
JE00B9689G92,11/07/2017,12.3,12.355,11.985,11.985,3817
JE00B9689G92,12/07/2017,12.24,12.6,12.24,12.59,9360
JE00B9689G92,13/07/2017,12.58,12.805,12.58,12.605,70366
JE00B9689G92,14/07/2017,12.7,12.7,12.575,12.61,19810
JE00B9689G92,17/07/2017,12.52,12.58,12.52,12.55,2420
JE00B9689G92,18/07/2017,12.505,12.52,12.1,12.145,13408
JE00B9689G92,19/07/2017,12.21,12.305,12.21,12.29,1300
JE00B9689G92,20/07/2017,12.56,12.635,12.32,12.32,33298
JE00B9689G92,21/07/2017,12.275,12.29,11.755,11.755,5185
JE00B9689G92,24/07/2017,11.735,11.81,11.735,11.75,1550
JE00B9689G92,25/07/2017,11.985,12.26,11.985,12.17,37842
JE00B9689G92,26/07/2017,12.2,12.32,12.2,12.245,46364
JE00B9689G92,27/07/2017,12.37,12.435,12.265,12.27,47330
JE00B9689G92,28/07/2017,11.94,11.94,11.935,11.935,31307
JE00B9689G92,31/07/2017,11.935,11.935,11.88,11.935,200
JE00B9689G92,01/08/2017,11.99,12.16,11.875,12.13,64995
JE00B9689G92,02/08/2017,12.12,12.12,11.89,11.89,12186
JE00B9689G92,03/08/2017,11.81,12.04,11.81,11.81,4715
JE00B9689G92,04/08/2017,12.09,12.5,12.09,12.46,15566
JE00B9689G92,07/08/2017,12.525,12.525,12.38,12.43,13076
JE00B9689G92,08/08/2017,12.31,12.64,12.31,12.55,56030
JE00B9689G92,09/08/2017,12.305,12.305,11.9,12.06,14260
JE00B9689G92,10/08/2017,11.985,11.985,11.615,11.64,11383
JE00B9689G92,11/08/2017,11.45,11.54,11.295,11.335,79994
JE00B9689G92,14/08/2017,11.725,11.9,11.725,11.9,330
JE00B9689G92,16/08/2017,12,12.305,12,12.255,16012
JE00B9689G92,17/08/2017,11.97,12.16,11.9,12.005,54970
JE00B9689G92,18/08/2017,11.86,11.86,11.58,11.725,2950
JE00B9689G92,21/08/2017,11.65,11.7,11.505,11.535,17420
JE00B9689G92,22/08/2017,11.83,11.9,11.7,11.9,5992
JE00B9689G92,23/08/2017,12,12,11.685,11.735,12210
JE00B9689G92,24/08/2017,11.79,11.92,11.79,11.83,3750
JE00B9689G92,25/08/2017,11.75,11.85,11.675,11.765,29920
JE00B9689G92,28/08/2017,11.45,11.7,11.45,11.7,680
JE00B9689G92,29/08/2017,11.3,11.3,10.99,11.25,71830
JE00B9689G92,30/08/2017,11.35,11.43,11.285,11.4,1830
JE00B9689G92,31/08/2017,11.475,11.69,11.475,11.525,13240
JE00B9689G92,01/09/2017,11.72,11.85,11.705,11.805,13658
JE00B9689G92,04/09/2017,11.53,11.64,11.53,11.64,6200
JE00B9689G92,05/09/2017,11.67,11.67,11.51,11.51,1300
JE00B9689G92,06/09/2017,11.295,11.68,11.295,11.68,12200
JE00B9689G92,07/09/2017,11.78,12,11.78,11.925,52832
JE00B9689G92,08/09/2017,11.685,11.78,11.685,11.685,10000
JE00B9689G92,11/09/2017,12.005,12.26,12.005,12.25,6336
JE00B9689G92,12/09/2017,12.3,12.515,12.3,12.425,28254
JE00B9689G92,13/09/2017,12.47,12.635,12.47,12.6,11882
JE00B9689G92,14/09/2017,12.57,12.635,12.57,12.635,8880
JE00B9689G92,15/09/2017,12.64,12.64,12.445,12.47,90243
JE00B9689G92,18/09/2017,12.7,12.71,12.59,12.63,99882
JE00B9689G92,19/09/2017,12.705,12.705,12.585,12.6,33616
JE00B9689G92,20/09/2017,12.61,12.615,12.605,12.615,500
JE00B9689G92,21/09/2017,12.8,12.83,12.79,12.805,15484
JE00B9689G92,22/09/2017,12.82,12.89,12.765,12.78,3950
JE00B9689G92,25/09/2017,12.705,12.835,12.695,12.695,2950
JE00B9689G92,26/09/2017,12.68,12.785,12.68,12.725,3720
JE00B9689G92,27/09/2017,12.74,13.02,12.74,12.965,9692
JE00B9689G92,28/09/2017,13,13.025,12.985,12.985,1063
JE00B9689G92,29/09/2017,13.055,13.28,13.02,13.28,1503
JE00B9689G92,02/10/2017,13.355,13.425,13.355,13.415,5607
JE00B9689G92,03/10/2017,13.505,13.515,13.45,13.515,10007
JE00B9689G92,04/10/2017,13.41,13.41,13.265,13.355,20318
JE00B9689G92,05/10/2017,13.41,13.56,13.41,13.53,5575
JE00B9689G92,06/10/2017,13.575,13.575,13.455,13.475,38347
JE00B9689G92,09/10/2017,13.6,13.6,13.48,13.5,6484
JE00B9689G92,10/10/2017,13.485,13.485,13.355,13.415,12473
JE00B9689G92,11/10/2017,13.46,13.52,13.46,13.46,16000
JE00B9689G92,12/10/2017,13.51,13.51,13.5,13.5,2500
JE00B9689G92,13/10/2017,13.545,13.555,13.515,13.53,17795
JE00B9689G92,16/10/2017,13.54,13.54,13.51,13.54,200
JE00B9689G92,17/10/2017,13.465,13.6,13.465,13.59,1135
JE00B9689G92,18/10/2017,13.57,13.71,13.57,13.67,8640
JE00B9689G92,19/10/2017,13.6,13.6,13.305,13.44,107449
JE00B9689G92,20/10/2017,13.63,13.63,13.475,13.525,26443
JE00B9689G92,23/10/2017,13.5,13.73,13.5,13.58,4200
JE00B9689G92,24/10/2017,13.62,13.65,13.53,13.58,2933
JE00B9689G92,25/10/2017,13.66,13.66,13.26,13.32,3657
JE00B9689G92,26/10/2017,13.3,13.9,13.3,13.9,20016
JE00B9689G92,27/10/2017,14,14.2,13.995,13.995,15501
JE00B9689G92,30/10/2017,13.995,14.205,13.995,14.115,5131
JE00B9689G92,31/10/2017,14.24,14.405,14.24,14.31,3320
JE00B9689G92,01/11/2017,14.505,14.665,14.505,14.575,8683
JE00B9689G92,02/11/2017,14.56,14.56,14.335,14.335,59341
JE00B9689G92,03/11/2017,14.47,14.47,14.385,14.385,1626
JE00B9689G92,06/11/2017,14.355,14.415,14.285,14.405,10911
JE00B9689G92,07/11/2017,14.43,14.53,14.14,14.17,4562
JE00B9689G92,08/11/2017,14.17,14.17,13.965,14.03,54595
JE00B9689G92,09/11/2017,13.85,13.85,13.6,13.6,23796
JE00B9689G92,10/11/2017,13.57,13.57,13.345,13.45,13849
JE00B9689G92,13/11/2017,13.36,13.36,12.91,13.165,5281
JE00B9689G92,14/11/2017,13.045,13.045,12.925,12.99,1750
JE00B9689G92,15/11/2017,12.8,12.885,12.585,12.84,24224
JE00B9689G92,16/11/2017,13.015,13.115,13.015,13.05,17428
JE00B9689G92,17/11/2017,13.05,13.05,12.86,12.895,2062
JE00B9689G92,20/11/2017,13.015,13.015,13.01,13.01,6700
JE00B9689G92,21/11/2017,12.975,13.31,12.975,13.25,108533
JE00B9689G92,22/11/2017,13.25,13.36,13.015,13.18,9892
JE00B9689G92,23/11/2017,13.075,13.095,13.065,13.065,400
JE00B9689G92,24/11/2017,13.24,13.4,13.23,13.23,2415
JE00B9689G92,27/11/2017,13.136,13.136,13.04,13.084,2150
JE00B9689G92,28/11/2017,13.14,13.27,13.14,13.24,9150
JE00B9689G92,29/11/2017,13.536,13.63,13.358,13.368,7624
JE00B9689G92,30/11/2017,13.5,13.58,13.166,13.3,4191
JE00B9689G92,01/12/2017,12.8,13,12.6,12.6,5680
JE00B9689G92,04/12/2017,12.996,13.24,12.968,13.12,47602
JE00B9689G92,05/12/2017,13.18,13.19,12.98,13.19,7094
JE00B9689G92,06/12/2017,12.83,13.03,12.72,13.03,8841
JE00B9689G92,07/12/2017,13.132,13.132,12.984,13.08,2610
JE00B9689G92,08/12/2017,13.15,13.51,13.15,13.384,6526
JE00B9689G92,11/12/2017,13.268,13.28,13.192,13.22,4494
JE00B9689G92,12/12/2017,13.354,13.396,13.32,13.33,11050
JE00B9689G92,13/12/2017,13.4,13.4,13.234,13.308,8655
JE00B9689G92,14/12/2017,13.092,13.212,12.986,13.16,3930
JE00B9689G92,15/12/2017,12.85,13.034,12.82,12.884,9633
JE00B9689G92,18/12/2017,13.24,13.54,13.24,13.528,8750
JE00B9689G92,19/12/2017,13.456,13.456,13.218,13.276,10300
JE00B9689G92,20/12/2017,13.2,13.2,12.85,12.872,6700
JE00B9689G92,21/12/2017,12.76,13.148,12.728,13.14,6260
JE00B9689G92,22/12/2017,12.8,13.02,12.8,12.876,5450
JE00B9689G92,27/12/2017,13,13.05,12.8,12.876,5844
JE00B9689G92,28/12/2017,12.8,12.8,12.526,12.62,21470
JE00B9689G92,29/12/2017,12.544,12.572,12.376,12.376,6726
JE00B9689G92,02/01/2018,12.3,12.308,12.08,12.288,15886
JE00B9689G92,03/01/2018,12.32,12.442,12.32,12.384,182
JE00B9689G92,04/01/2018,12.74,13.14,12.74,13.08,13073
JE00B9689G92,05/01/2018,13.2,13.434,13.2,13.388,8450
JE00B9689G92,08/01/2018,13.5,13.65,13.496,13.6,5320
JE00B9689G92,09/01/2018,13.65,13.712,13.65,13.688,12374
JE00B9689G92,10/01/2018,13.57,13.64,13.426,13.52,18525
JE00B9689G92,11/01/2018,13.544,13.544,13.3,13.366,4445
JE00B9689G92,12/01/2018,13.444,13.504,13.4,13.46,29240
JE00B9689G92,15/01/2018,13.55,13.62,13.46,13.6,5360
JE00B9689G92,16/01/2018,13.6,13.8,13.57,13.628,11460
JE00B9689G92,17/01/2018,13.524,13.616,13.48,13.5,3350
JE00B9689G92,18/01/2018,13.64,13.64,13.568,13.64,1720
JE00B9689G92,19/01/2018,13.9,14,13.86,13.86,5631
JE00B9689G92,22/01/2018,13.95,14.132,13.95,14.1,17835
JE00B9689G92,23/01/2018,14.2,14.378,14.138,14.204,27410
JE00B9689G92,24/01/2018,14.296,14.296,13.958,14.02,4120
JE00B9689G92,25/01/2018,13.82,14.048,13.648,13.704,12121
JE00B9689G92,26/01/2018,13.828,13.984,13.828,13.9,5855
JE00B9689G92,29/01/2018,14,14,13.862,13.876,545
JE00B9689G92,30/01/2018,13.7,13.76,13.44,13.55,7164
JE00B9689G92,31/01/2018,13.612,13.612,13.42,13.42,5870
JE00B9689G92,01/02/2018,13.72,13.72,13.098,13.132,23394
JE00B9689G92,02/02/2018,13.02,13.02,12.6,12.6,20834
JE00B9689G92,05/02/2018,12.56,12.56,12.114,12.2,15360
JE00B9689G92,06/02/2018,11.4,11.6,10.852,11.4,108612
JE00B9689G92,07/02/2018,11.4,11.89,11.3,11.872,12709
JE00B9689G92,08/02/2018,11.666,11.666,10.85,10.85,12853
JE00B9689G92,09/02/2018,10.968,10.988,10.372,10.4,16251
JE00B9689G92,12/02/2018,10.924,11.12,10.904,11.04,20225
JE00B9689G92,13/02/2018,10.8,10.816,10.702,10.764,1415
JE00B9689G92,14/02/2018,10.94,11.028,10.5,11,47031
JE00B9689G92,15/02/2018,11.188,11.316,11.1,11.1,10731
JE00B9689G92,16/02/2018,11.416,11.528,11.36,11.528,18705
JE00B9689G92,19/02/2018,11.612,11.612,11.294,11.336,2073
JE00B9689G92,20/02/2018,11.364,11.618,11.332,11.49,3693
JE00B9689G92,21/02/2018,11.436,11.532,11.328,11.51,6980
JE00B9689G92,22/02/2018,11.252,11.62,11.04,11.62,12222
JE00B9689G92,23/02/2018,11.65,11.66,11.524,11.632,9641
JE00B9689G92,26/02/2018,11.7,11.936,11.7,11.788,5460
JE00B9689G92,27/02/2018,11.95,12,11.712,11.932,5920
JE00B9689G92,28/02/2018,11.688,11.86,11.632,11.66,872
JE00B9689G92,01/03/2018,11.596,11.596,11.15,11.2,11060
JE00B9689G92,02/03/2018,10.92,10.92,10.392,10.488,34666
JE00B9689G92,05/03/2018,10.38,10.822,10.288,10.668,15585
JE00B9689G92,06/03/2018,11.06,11.1,10.814,10.85,4159
JE00B9689G92,07/03/2018,10.672,11.04,10.672,11.04,1898
JE00B9689G92,08/03/2018,11,11.38,11,11.364,2510
JE00B9689G92,09/03/2018,11.27,11.536,11.27,11.38,5695
JE00B9689G92,12/03/2018,11.58,11.604,11.358,11.5,7370
JE00B9689G92,13/03/2018,11.56,11.56,11.108,11.124,2727
JE00B9689G92,14/03/2018,11.15,11.284,11.08,11.1,9541
JE00B9689G92,15/03/2018,11.23,11.388,11.164,11.388,1445
JE00B9689G92,16/03/2018,10.672,11.65,10.672,11.556,15472
JE00B9689G92,19/03/2018,11.524,11.524,11.078,11.122,22073
JE00B9689G92,20/03/2018,11.2,11.34,11.1,11.332,9920
JE00B9689G92,21/03/2018,11.384,11.384,11.1,11.232,7170
JE00B9689G92,22/03/2018,11,11,10.44,10.44,9581
JE00B9689G92,23/03/2018,10.448,10.448,10.04,10.206,12211
JE00B9689G92,26/03/2018,10.34,10.46,9.9,9.9,10756
JE00B9689G92,27/03/2018,10.5,10.528,10.352,10.352,15280
JE00B9689G92,28/03/2018,10.144,10.5,9.95,10.438,33950
JE00B9689G92,29/03/2018,10.65,10.972,10.588,10.932,33575
JE00B9689G92,03/04/2018,10.638,10.716,10.638,10.702,6951
JE00B9689G92,04/04/2018,10.6,10.6,10.242,10.49,12145
JE00B9689G92,05/04/2018,11.1,11.482,10.968,11.42,17871
JE00B9689G92,06/04/2018,11.27,11.352,11.226,11.272,7435
JE00B9689G92,09/04/2018,11.38,11.48,11.3,11.33,3230
JE00B9689G92,10/04/2018,11.6,11.63,11.552,11.562,4100
JE00B9689G92,11/04/2018,11.394,11.47,11.35,11.424,7650
JE00B9689G92,12/04/2018,11.42,11.66,11.42,11.644,10253
JE00B9689G92,13/04/2018,11.646,11.87,11.63,11.63,2998
JE00B9689G92,16/04/2018,11.74,11.75,11.624,11.624,3983
JE00B9689G92,17/04/2018,11.736,12.1,11.69,12.1,13055
JE00B9689G92,18/04/2018,12.1,12.18,12.1,12.18,53025
JE00B9689G92,19/04/2018,12.162,12.176,12.098,12.098,1093
JE00B9689G92,20/04/2018,12.064,12.21,12.064,12.182,8329
JE00B9689G92,23/04/2018,12.15,12.41,12.1,12.372,17676
JE00B9689G92,24/04/2018,12.372,12.5,12.23,12.23,4111
JE00B9689G92,25/04/2018,12.062,12.12,11.96,11.96,2565
JE00B9689G92,26/04/2018,12.17,12.382,12.17,12.38,11224
JE00B9689G92,27/04/2018,12.44,12.54,12.38,12.492,17052
JE00B9689G92,30/04/2018,12.568,12.724,12.564,12.71,14196
JE00B9689G92,02/05/2018,12.8,12.98,12.792,12.952,24988
JE00B9689G92,03/05/2018,12.896,12.896,12.666,12.676,3835
JE00B9689G92,04/05/2018,12.79,12.922,12.696,12.904,6275
JE00B9689G92,07/05/2018,12.96,13.184,12.96,13.138,2095
JE00B9689G92,08/05/2018,13.148,13.148,12.932,13.036,129634
JE00B9689G92,09/05/2018,13.118,13.23,13.106,13.132,18169
JE00B9689G92,10/05/2018,13.316,13.316,13.258,13.268,24518
JE00B9689G92,11/05/2018,13.22,13.27,13.174,13.254,5680
JE00B9689G92,14/05/2018,13.27,13.282,13.164,13.202,5902
JE00B9689G92,15/05/2018,13.248,13.266,13.15,13.15,6630
JE00B9689G92,16/05/2018,13.31,13.31,13.15,13.15,3642
JE00B9689G92,17/05/2018,13.52,13.52,13.494,13.51,225
JE00B9689G92,18/05/2018,13.384,13.54,13.384,13.4,4240
JE00B9689G92,21/05/2018,13.582,13.71,13.526,13.71,1398
JE00B9689G92,22/05/2018,13.482,13.728,13.482,13.624,79620
JE00B9689G92,23/05/2018,13.29,13.29,13.034,13.034,1475
JE00B9689G92,24/05/2018,12.79,12.912,12.79,12.79,120
JE00B9689G92,25/05/2018,13.022,13.122,12.652,12.776,13260
JE00B9689G92,28/05/2018,13.03,13.03,12.42,12.548,4145
JE00B9689G92,29/05/2018,12,12.1,11.754,12.1,3030
JE00B9689G92,30/05/2018,11.916,12.108,11.916,11.96,4350
JE00B9689G92,31/05/2018,12.244,12.268,11.664,11.664,17151
JE00B9689G92,01/06/2018,12.08,12.406,12.08,12.344,11845
JE00B9689G92,04/06/2018,12.56,12.604,12.452,12.454,7680
JE00B9689G92,05/06/2018,12.7,12.7,12.32,12.322,1440
JE00B9689G92,06/06/2018,12.376,12.4,12.25,12.25,14175
JE00B9689G92,07/06/2018,12.474,12.474,12.31,12.31,11149
JE00B9689G92,08/06/2018,12,12.21,12,12.21,3025
JE00B9689G92,11/06/2018,12.396,12.602,12.396,12.55,9580
JE00B9689G92,12/06/2018,12.74,12.74,12.496,12.526,4465
JE00B9689G92,13/06/2018,12.514,12.64,12.504,12.628,18200
JE00B9689G92,14/06/2018,12.34,13.15,12.34,13.026,7993
JE00B9689G92,15/06/2018,13.15,13.15,12.908,12.92,120
JE00B9689G92,18/06/2018,12.76,12.76,12.3,12.438,1080
JE00B9689G92,19/06/2018,12.01,12.11,11.88,12.076,23166
JE00B9689G92,20/06/2018,12.286,12.3,12.178,12.178,5000
JE00B9689G92,21/06/2018,12.07,12.1,11.668,11.668,2365
JE00B9689G92,22/06/2018,11.98,12.146,11.98,12.146,1000
JE00B9689G92,25/06/2018,11.914,11.914,11.406,11.51,1262
JE00B9689G92,26/06/2018,11.5,11.5,11.372,11.414,2400
JE00B9689G92,27/06/2018,11.26,11.912,11.14,11.912,6335
JE00B9689G92,28/06/2018,11.612,11.618,11.16,11.234,17879
JE00B9689G92,29/06/2018,11.74,11.85,11.674,11.692,13858
JE00B9689G92,02/07/2018,11.442,11.442,11.392,11.442,44
JE00B9689G92,03/07/2018,11.62,11.846,11.62,11.71,12611
JE00B9689G92,04/07/2018,11.676,11.82,11.676,11.81,2523
JE00B9689G92,05/07/2018,11.892,12.24,11.892,12.096,4350
JE00B9689G92,06/07/2018,12.25,12.25,12.03,12.03,1925
JE00B9689G92,09/07/2018,12.32,12.398,12.23,12.29,1550
JE00B9689G92,10/07/2018,12.3,12.53,12.3,12.48,9084
JE00B9689G92,11/07/2018,12.07,12.074,11.95,12.01,9200
JE00B9689G92,12/07/2018,12.082,12.15,11.98,12.136,9200
JE00B9689G92,13/07/2018,12.296,12.35,12.236,12.266,5080
JE00B9689G92,16/07/2018,12.27,12.33,12.24,12.24,2946
JE00B9689G92,17/07/2018,12.06,12.29,12,12.25,15401
JE00B9689G92,18/07/2018,12.448,12.566,12.43,12.484,1601
JE00B9689G92,19/07/2018,12.49,12.53,12.394,12.406,29692
JE00B9689G92,20/07/2018,12.37,12.5,12.012,12.296,10539
JE00B9689G92,23/07/2018,12.146,12.27,12.108,12.27,5500
JE00B9689G92,24/07/2018,12.37,12.6,12.37,12.6,10320
JE00B9689G92,25/07/2018,12.57,12.57,12.334,12.334,7175
JE00B9689G92,26/07/2018,12.56,12.812,12.56,12.772,21300
JE00B9689G92,27/07/2018,12.99,13.038,12.94,12.988,14920
JE00B9689G92,30/07/2018,12.894,12.894,12.894,12.894,3374
JE00B9689G92,31/07/2018,12.89,13.112,12.88,13.112,26320
JE00B9689G92,01/08/2018,12.998,12.998,12.814,12.818,1045
JE00B9689G92,02/08/2018,12.012,12.63,12.012,12.36,12425
JE00B9689G92,03/08/2018,12.56,12.582,12.484,12.484,9600
JE00B9689G92,06/08/2018,12.676,12.676,12.526,12.676,1000
JE00B9689G92,07/08/2018,12.676,12.9,12.676,12.9,3000
JE00B9689G92,08/08/2018,12.65,12.65,12.65,12.65,0
JE00B9689G92,09/08/2018,12.65,12.65,12.65,12.65,0
JE00B9689G92,10/08/2018,12.304,12.37,11.892,11.91,8827
JE00B9689G92,13/08/2018,11.76,11.866,11.728,11.84,6381
JE00B9689G92,14/08/2018,11.96,12.01,11.788,12.01,588
JE00B9689G92,16/08/2018,11.5,11.5,11.334,11.394,4171
JE00B9689G92,17/08/2018,11.214,11.364,11.214,11.214,600
JE00B9689G92,20/08/2018,11.59,11.65,11.55,11.65,6700
JE00B9689G92,21/08/2018,11.758,11.88,11.758,11.872,3700
JE00B9689G92,22/08/2018,11.79,11.888,11.79,11.848,6320
JE00B9689G92,23/08/2018,11.89,11.89,11.858,11.89,1000
JE00B9689G92,24/08/2018,11.94,12.02,11.89,11.96,4730
JE00B9689G92,27/08/2018,12.12,12.248,12.036,12.23,2994
JE00B9689G92,28/08/2018,12.3,12.3,12.23,12.242,2168
JE00B9689G92,29/08/2018,12.168,12.238,12.168,12.168,1000
JE00B9689G92,30/08/2018,11.91,12.06,11.91,12,4580
JE00B9689G92,31/08/2018,11.824,11.824,11.546,11.63,5275
JE00B9689G92,03/09/2018,11.582,11.584,11.582,11.582,134
JE00B9689G92,04/09/2018,11.67,11.67,11.094,11.242,5708
JE00B9689G92,05/09/2018,11.084,11.084,10.782,10.844,4550
JE00B9689G92,06/09/2018,10.76,10.9,10.604,10.726,1835
JE00B9689G92,07/09/2018,10.68,10.68,10.374,10.476,9729
JE00B9689G92,10/09/2018,10.552,10.85,10.552,10.814,17125
JE00B9689G92,11/09/2018,10.78,10.78,10.55,10.73,1898
JE00B9689G92,12/09/2018,10.85,10.9,10.69,10.796,4850
JE00B9689G92,13/09/2018,10.91,11.12,10.91,10.94,3100
JE00B9689G92,14/09/2018,11.06,11.088,11.06,11.06,900
JE00B9689G92,17/09/2018,11,11.104,11,11.1,1000
JE00B9689G92,18/09/2018,11.298,11.298,11.162,11.186,2367
JE00B9689G92,19/09/2018,11.25,11.32,11.178,11.32,2387
JE00B9689G92,20/09/2018,11.354,11.68,11.354,11.68,6969
JE00B9689G92,21/09/2018,11.78,11.99,11.78,11.872,9925
JE00B9689G92,24/09/2018,11.854,11.854,11.726,11.842,5512
JE00B9689G92,25/09/2018,11.844,11.844,11.844,11.844,0
JE00B9689G92,26/09/2018,11.922,12.006,11.894,11.894,820
JE00B9689G92,27/09/2018,11.84,12.182,11.742,12.182,19720
JE00B9689G92,28/09/2018,11.896,11.93,11.448,11.63,15145
JE00B9689G92,01/10/2018,11.704,11.87,11.704,11.83,5165
JE00B9689G92,02/10/2018,11.51,11.558,11.336,11.514,9505
JE00B9689G92,03/10/2018,11.644,11.852,11.644,11.82,6415
JE00B9689G92,04/10/2018,11.65,11.65,11.37,11.37,4015
JE00B9689G92,05/10/2018,11.26,11.26,11.056,11.1,10560
JE00B9689G92,08/10/2018,10.99,10.99,10.712,10.81,17412
JE00B9689G92,09/10/2018,10.75,10.86,10.604,10.86,10550
JE00B9689G92,10/10/2018,10.72,10.794,10.322,10.322,2706
JE00B9689G92,11/10/2018,9.926,10.12,9.804,9.892,15230
JE00B9689G92,12/10/2018,10.194,10.194,9.627,9.671,18316
JE00B9689G92,15/10/2018,9.52,9.794,9.517,9.73,1724
JE00B9689G92,16/10/2018,9.9,10.204,9.8,10.202,18024
JE00B9689G92,17/10/2018,10.308,10.42,9.948,10.004,10116
JE00B9689G92,18/10/2018,10.158,10.164,9.78,9.78,8031
JE00B9689G92,19/10/2018,9.723,9.885,9.535,9.885,3843
JE00B9689G92,22/10/2018,10.018,10.05,9.6,9.6,13860
JE00B9689G92,23/10/2018,9.247,9.26,9.081,9.213,12630
JE00B9689G92,24/10/2018,9.289,9.454,9.046,9.086,5931
JE00B9689G92,25/10/2018,8.9,9.35,8.9,9.249,15033
JE00B9689G92,26/10/2018,9.073,9.073,8.729,8.784,21217
JE00B9689G92,29/10/2018,9.166,9.452,9.166,9.331,19729
JE00B9689G92,30/10/2018,9.287,9.287,9.066,9.066,15050
JE00B9689G92,31/10/2018,9.5,9.72,9.5,9.665,12900
JE00B9689G92,01/11/2018,9.6,9.898,9.585,9.63,20061
JE00B9689G92,02/11/2018,10.092,10.092,9.821,9.83,8065
JE00B9689G92,05/11/2018,9.85,9.916,9.75,9.78,4090
JE00B9689G92,06/11/2018,9.672,9.752,9.65,9.75,5450
JE00B9689G92,07/11/2018,9.97,10.104,9.97,10.054,11510
JE00B9689G92,08/11/2018,10.142,10.246,9.944,9.949,20256
JE00B9689G92,09/11/2018,9.863,9.925,9.71,9.925,17420
JE00B9689G92,12/11/2018,10.07,10.07,9.575,9.65,5220
JE00B9689G92,13/11/2018,9.78,9.876,9.61,9.83,5000
JE00B9689G92,14/11/2018,9.573,10,9.573,9.72,11426
JE00B9689G92,15/11/2018,9.81,9.891,9.386,9.511,23103
JE00B9689G92,16/11/2018,9.75,9.75,9.358,9.51,24280
JE00B9689G92,19/11/2018,9.58,9.63,9.266,9.63,2800
JE00B9689G92,20/11/2018,9.08,9.11,8.779,8.97,27288
JE00B9689G92,21/11/2018,9.001,9.225,9,9.21,21700
JE00B9689G92,22/11/2018,9.128,9.128,8.96,8.96,2044
JE00B9689G92,23/11/2018,8.998,9.141,8.908,8.908,7420
JE00B9689G92,26/11/2018,9.36,9.411,9.33,9.33,2600
JE00B9689G92,27/11/2018,9.438,9.483,9.267,9.267,2900
JE00B9689G92,28/11/2018,9.39,9.474,9.35,9.35,1805
JE00B9689G92,29/11/2018,9.6,9.6,9.443,9.45,9730
JE00B9689G92,30/11/2018,9.396,9.396,9.356,9.396,963
JE00B9689G92,03/12/2018,9.921,10.036,9.747,9.747,7103
JE00B9689G92,04/12/2018,9.665,9.665,9.534,9.559,2110
JE00B9689G92,05/12/2018,9.247,9.343,9.174,9.23,4744
JE00B9689G92,06/12/2018,8.959,8.959,8.168,8.277,20882
JE00B9689G92,07/12/2018,8.457,8.579,8.42,8.422,51058
JE00B9689G92,10/12/2018,8.311,8.311,7.983,8,22500
JE00B9689G92,11/12/2018,8.18,8.53,8.18,8.397,12365
JE00B9689G92,12/12/2018,8.65,8.822,8.65,8.822,383
JE00B9689G92,13/12/2018,8.949,8.949,8.743,8.877,2895
JE00B9689G92,14/12/2018,8.52,8.61,8.425,8.61,4660
JE00B9689G92,17/12/2018,8.624,8.624,8.345,8.371,4529
JE00B9689G92,18/12/2018,8.301,8.43,8.251,8.337,5454
JE00B9689G92,19/12/2018,8.335,8.397,8.28,8.28,11659
JE00B9689G92,20/12/2018,7.934,8.02,7.849,7.88,8709
JE00B9689G92,21/12/2018,7.797,7.907,7.614,7.766,12408
JE00B9689G92,27/12/2018,7.579,7.59,7.212,7.29,3924
JE00B9689G92,28/12/2018,7.631,7.9,7.59,7.822,11755
JE00B9689G92,02/01/2019,7.321,7.849,7.321,7.847,1680
JE00B9689G92,03/01/2019,7.7,7.7,7.55,7.592,9019
JE00B9689G92,04/01/2019,7.75,8.26,7.7,8.172,30210
JE00B9689G92,07/01/2019,8.208,8.25,7.99,8.079,8950
JE00B9689G92,08/01/2019,8.199,8.41,8.17,8.35,13152
JE00B9689G92,09/01/2019,8.522,8.57,8.464,8.55,1120
JE00B9689G92,10/01/2019,8.25,8.421,8.226,8.421,5794
JE00B9689G92,11/01/2019,8.5,8.55,8.352,8.352,10030
JE00B9689G92,14/01/2019,8.3,8.336,8.165,8.33,5430
JE00B9689G92,15/01/2019,8.52,8.55,8.3,8.344,2120
JE00B9689G92,16/01/2019,8.466,8.498,8.38,8.498,3850
JE00B9689G92,17/01/2019,8.31,8.439,8.31,8.439,3565
JE00B9689G92,18/01/2019,8.5,8.96,8.5,8.952,17172
JE00B9689G92,21/01/2019,8.85,8.893,8.837,8.863,880
JE00B9689G92,22/01/2019,8.812,8.828,8.67,8.67,550
JE00B9689G92,23/01/2019,8.64,8.9,8.627,8.855,8740
JE00B9689G92,24/01/2019,8.773,8.94,8.773,8.893,6900
JE00B9689G92,25/01/2019,9.072,9.24,9.072,9.214,2639
JE00B9689G92,28/01/2019,9.104,9.104,8.95,8.993,2365
JE00B9689G92,29/01/2019,9.012,9.179,8.95,9.109,5076
JE00B9689G92,30/01/2019,9.154,9.154,9.138,9.15,2751
JE00B9689G92,31/01/2019,9.28,9.369,8.96,9.13,14845
JE00B9689G92,01/02/2019,9.277,9.313,9.24,9.313,4485
JE00B9689G92,04/02/2019,9.183,9.229,9.14,9.229,2105
JE00B9689G92,05/02/2019,9.451,9.655,9.451,9.635,5655
JE00B9689G92,06/02/2019,9.566,9.68,9.566,9.653,2030
JE00B9689G92,07/02/2019,9.563,9.573,9.16,9.2,4111
JE00B9689G92,08/02/2019,9.053,9.115,8.94,8.94,2820
JE00B9689G92,11/02/2019,9.26,9.26,9.168,9.2,624
JE00B9689G92,12/02/2019,9.44,9.497,9.402,9.463,5774
JE00B9689G92,13/02/2019,9.6,9.614,9.458,9.6,4385
JE00B9689G92,14/02/2019,9.706,9.706,9.394,9.502,12504
JE00B9689G92,15/02/2019,9.62,9.928,9.62,9.928,16631
JE00B9689G92,18/02/2019,9.901,9.962,9.846,9.962,11867
JE00B9689G92,19/02/2019,9.914,9.915,9.751,9.751,8740
JE00B9689G92,20/02/2019,10,10.1,9.882,10.078,16028
JE00B9689G92,21/02/2019,10.136,10.162,10.08,10.162,15647
JE00B9689G92,22/02/2019,10.09,10.236,10.09,10.17,10480
JE00B9689G92,25/02/2019,10.242,10.31,10.238,10.25,13090
JE00B9689G92,26/02/2019,10.15,10.382,10.104,10.382,5005
JE00B9689G92,27/02/2019,10.272,10.272,10.202,10.202,333
JE00B9689G92,28/02/2019,10.28,10.436,10.28,10.4,19657
JE00B9689G92,01/03/2019,10.48,10.73,10.452,10.592,6796
JE00B9689G92,04/03/2019,10.714,10.714,10.594,10.658,6025
JE00B9689G92,05/03/2019,10.59,10.696,10.562,10.58,1550
JE00B9689G92,06/03/2019,10.73,10.81,10.64,10.66,6470
JE00B9689G92,07/03/2019,10.54,10.58,10.45,10.45,9044
JE00B9689G92,08/03/2019,10.36,10.362,10.214,10.23,2518
JE00B9689G92,11/03/2019,10.32,10.488,10.3,10.488,11150
JE00B9689G92,12/03/2019,10.612,10.612,10.42,10.42,1097
JE00B9689G92,13/03/2019,10.498,10.66,10.496,10.66,33569
JE00B9689G92,14/03/2019,10.738,10.9,10.738,10.886,4235
JE00B9689G92,15/03/2019,10.95,11.3,10.838,11.192,15997
JE00B9689G92,18/03/2019,11.286,11.32,11.234,11.27,4657
JE00B9689G92,19/03/2019,11.37,11.614,11.37,11.6,4908
JE00B9689G92,20/03/2019,11.44,11.442,11.162,11.184,2210
JE00B9689G92,21/03/2019,11.004,11.124,10.92,10.92,1500
JE00B9689G92,22/03/2019,11.18,11.18,10.45,10.45,1854
JE00B9689G92,25/03/2019,10.35,10.5,10.292,10.43,4841
JE00B9689G92,26/03/2019,10.5,10.616,10.5,10.5,1500
JE00B9689G92,27/03/2019,10.79,10.794,10.618,10.62,2112
JE00B9689G92,28/03/2019,10.638,10.638,10.638,10.638,0
JE00B9689G92,29/03/2019,10.788,10.928,10.788,10.926,1300
JE00B9689G92,01/04/2019,11.196,11.31,11.16,11.3,120990
JE00B9689G92,02/04/2019,11.322,11.43,11.31,11.416,6051
JE00B9689G92,03/04/2019,11.664,11.79,11.636,11.78,32546
JE00B9689G92,04/04/2019,11.76,11.9,11.698,11.892,4786
JE00B9689G92,05/04/2019,11.85,11.954,11.85,11.85,1200
JE00B9689G92,08/04/2019,11.834,11.9,11.79,11.882,46625
JE00B9689G92,09/04/2019,11.77,11.8,11.616,11.692,2356
JE00B9689G92,10/04/2019,11.762,11.762,11.68,11.68,400
JE00B9689G92,11/04/2019,11.702,11.844,11.67,11.8,3100
JE00B9689G92,12/04/2019,11.812,11.98,11.812,11.956,3053
JE00B9689G92,15/04/2019,11.998,11.998,11.916,11.916,7500
JE00B9689G92,16/04/2019,12.086,12.14,12.076,12.14,1720
JE00B9689G92,17/04/2019,12.114,12.31,12.114,12.286,9225
JE00B9689G92,18/04/2019,12.186,12.48,12.186,12.42,2604
JE00B9689G92,23/04/2019,12.43,12.58,12.386,12.55,9411
JE00B9689G92,24/04/2019,12.494,12.624,12.408,12.5,3337
JE00B9689G92,25/04/2019,12.484,12.484,12.45,12.45,2001
JE00B9689G92,26/04/2019,12.38,12.552,12.38,12.538,9424
JE00B9689G92,29/04/2019,12.422,12.602,12.422,12.422,410
JE00B9689G92,30/04/2019,12.61,12.714,12.582,12.582,9050
JE00B9689G92,02/05/2019,12.58,12.738,12.556,12.714,412
JE00B9689G92,03/05/2019,12.66,12.74,12.66,12.74,1226
JE00B9689G92,06/05/2019,11.978,12.356,11.908,12.184,10458
JE00B9689G92,07/05/2019,12.018,12.018,11.63,11.668,8910
JE00B9689G92,08/05/2019,11.696,11.844,11.696,11.758,2825
JE00B9689G92,09/05/2019,11.588,11.598,11.182,11.21,15105
JE00B9689G92,10/05/2019,11.582,11.582,11.256,11.34,7272
JE00B9689G92,13/05/2019,11.17,11.17,10.928,10.964,2640
JE00B9689G92,14/05/2019,11.12,11.304,11.12,11.25,2959
JE00B9689G92,15/05/2019,11.15,11.552,11.06,11.428,12600
JE00B9689G92,16/05/2019,11.532,12.122,11.532,11.938,2280
JE00B9689G92,17/05/2019,11.926,12.048,11.802,11.802,1410
JE00B9689G92,20/05/2019,11.906,11.906,11.42,11.6,2430
JE00B9689G92,21/05/2019,11.668,11.668,11.668,11.668,0
JE00B9689G92,22/05/2019,11.52,11.712,11.52,11.52,135
JE00B9689G92,23/05/2019,11.406,11.406,11.074,11.132,10045
JE00B9689G92,24/05/2019,11.272,11.41,11.272,11.346,2798
JE00B9689G92,27/05/2019,11.574,11.574,11.488,11.574,500
JE00B9689G92,28/05/2019,11.476,11.476,11.328,11.444,1500
JE00B9689G92,29/05/2019,10.916,10.916,10.8,10.8,3710
JE00B9689G92,30/05/2019,11.05,11.084,10.988,10.988,4380
JE00B9689G92,31/05/2019,10.66,10.7,10.49,10.7,13071
JE00B9689G92,03/06/2019,10.45,10.85,10.382,10.726,6709
JE00B9689G92,04/06/2019,11.016,11.256,10.996,11.15,5484
JE00B9689G92,05/06/2019,11.29,11.29,11.29,11.29,0
JE00B9689G92,06/06/2019,11.5,11.538,11.24,11.254,1243
JE00B9689G92,07/06/2019,11.572,11.71,11.572,11.71,1011
JE00B9689G92,10/06/2019,11.75,11.778,11.69,11.75,471
JE00B9689G92,11/06/2019,11.882,12.092,11.882,12.08,2300
JE00B9689G92,12/06/2019,11.784,11.784,11.784,11.784,0
JE00B9689G92,13/06/2019,11.706,11.89,11.706,11.89,590
JE00B9689G92,14/06/2019,11.62,11.706,11.59,11.706,326
JE00B9689G92,17/06/2019,11.744,11.794,11.744,11.788,120
JE00B9689G92,18/06/2019,11.622,12.532,11.622,12.5,3317
JE00B9689G92,19/06/2019,12.456,12.508,12.41,12.492,3285
JE00B9689G92,20/06/2019,12.77,12.8,12.664,12.77,3417
JE00B9689G92,21/06/2019,12.754,12.754,12.524,12.622,3827
JE00B9689G92,24/06/2019,12.55,12.55,12.454,12.55,420
JE00B9689G92,25/06/2019,12.342,12.418,12.34,12.39,25875
JE00B9689G92,26/06/2019,12.292,12.488,12.292,12.47,827
JE00B9689G92,27/06/2019,12.356,12.356,12.356,12.356,0
JE00B9689G92,28/06/2019,12.714,12.714,12.714,12.714,0
JE00B9689G92,01/07/2019,13.17,13.17,12.95,12.96,8296
JE00B9689G92,02/07/2019,12.966,13.096,12.966,12.98,2120
JE00B9689G92,03/07/2019,13.308,13.408,13.272,13.352,10890
JE00B9689G92,04/07/2019,13.5,13.5,13.44,13.474,1366
JE00B9689G92,05/07/2019,13.382,13.382,13.25,13.25,4426
JE00B9689G92,08/07/2019,13.242,13.256,13.242,13.242,132
JE00B9689G92,09/07/2019,13.13,13.13,12.932,13.078,11021
JE00B9689G92,10/07/2019,13,13.006,13,13.004,477
JE00B9689G92,11/07/2019,13.056,13.058,12.928,12.928,2406
JE00B9689G92,12/07/2019,13.006,13.04,12.92,12.92,1180
JE00B9689G92,15/07/2019,13.064,13.064,13.064,13.064,0
JE00B9689G92,16/07/2019,13.026,13.26,13.026,13.26,1513
JE00B9689G92,17/07/2019,13.048,13.048,12.996,13.048,3840
JE00B9689G92,18/07/2019,12.828,12.828,12.828,12.828,0
JE00B9689G92,19/07/2019,12.722,12.722,12.722,12.722,77
