Date,Open,High,Low,Close,Volume,Adj Close
2007-03-20,23.89,23.94,23.59,23.66,100,23.66
2007-03-21,23.81,24.06,23.81,24.06,500,24.06
2007-03-22,24.22,24.8,24.22,24.8,4000,24.8
2007-03-23,24.56,24.81,24.5,24.66,6700,24.66
2007-03-26,24.74,24.83,24.27,24.27,2800,24.27
2007-03-27,24.37,24.37,24.02,24.28,1900,24.28
2007-03-28,24.15,24.24,24.1,24.24,6000,24.24
2007-03-29,24.42,24.85,24.36,24.85,800,24.85
2007-03-30,24.82,24.97,24.72,24.85,2700,24.85
2007-04-02,24.61,24.79,24.61,24.66,400,24.66
2007-04-03,25.0,25.42,24.75,25.42,4800,25.42
2007-04-04,25.87,25.91,25.59,25.83,1900,25.83
2007-04-05,25.85,26.34,25.85,26.26,1400,26.26
2007-04-10,25.9,26.15,25.84,25.84,6100,25.84
2007-04-11,26.1,26.54,25.89,26.54,2900,26.54
2007-04-12,26.12,26.12,25.72,25.75,5900,25.75
2007-04-13,26.0,26.24,25.86,25.86,12600,25.86
2007-04-16,26.6,26.81,26.48,26.81,5000,26.81
2007-04-17,26.82,26.82,26.43,26.5,3600,26.5
2007-04-18,26.98,26.98,26.0,26.15,2300,26.15
2007-04-19,25.8,26.6,25.6,26.49,18800,26.49
2007-04-20,26.83,27.44,26.68,27.39,15400,27.39
2007-04-23,27.03,27.37,27.03,27.35,9200,27.35
2007-04-24,27.26,27.26,26.61,27.1,20000,27.1
2007-04-25,27.15,27.76,27.15,27.73,1600,27.73
2007-04-26,27.63,28.05,27.5,27.5,4800,27.5
2007-04-27,27.74,28.5,26.67,27.09,7900,27.09
2007-04-30,25.51,27.2,24.91,25.51,47900,25.51
2007-05-02,25.86,25.86,25.01,25.4,11300,25.4
2007-05-03,25.36,25.87,25.2,25.87,12500,25.87
2007-05-04,25.85,25.85,25.11,25.56,5500,25.56
2007-05-07,25.3,26.01,25.3,25.77,4900,25.77
2007-05-08,25.7,25.79,25.55,25.79,10300,25.79
2007-05-09,25.83,26.3,25.83,25.9,2300,25.9
2007-05-10,26.26,26.43,25.97,26.04,18200,26.04
2007-05-11,25.75,26.0,25.36,26.0,2900,26.0
2007-05-14,26.07,26.17,25.94,26.14,3200,26.14
2007-05-15,25.99,26.18,25.99,26.0,5800,26.0
2007-05-16,26.22,26.54,26.22,26.38,6200,26.38
2007-05-17,26.66,26.99,26.6,26.6,9000,26.6
2007-05-18,27.0,27.04,26.7,27.0,1600,27.0
2007-05-21,27.3,27.3,26.86,27.27,4200,27.27
2007-05-22,27.28,27.56,27.21,27.21,5700,27.21
2007-05-23,27.0,27.23,26.81,27.11,4400,27.11
2007-05-24,27.1,27.1,26.62,26.96,3500,26.96
2007-05-25,26.61,27.19,26.61,27.19,9400,27.19
2007-05-28,27.6,27.65,27.49,27.6,4400,27.6
2007-05-29,27.7,27.7,27.37,27.7,5900,27.7
2007-05-30,27.8,27.8,26.98,27.13,5900,27.13
2007-05-31,27.14,28.06,27.14,28.06,6600,28.06
2007-06-01,27.93,27.95,27.56,27.93,4000,27.93
2007-06-04,28.2,28.2,27.3,27.65,12600,27.65
2007-06-05,27.66,27.83,27.29,27.73,2500,27.73
2007-06-06,27.59,27.7,26.8,26.81,7200,26.81
2007-06-07,27.3,27.3,26.35,26.4,2900,26.4
2007-06-08,26.05,26.4,25.22,26.0,22400,26.0
2007-06-11,25.99,26.43,25.99,26.43,3800,26.43
2007-06-12,26.63,26.69,25.97,25.97,1600,25.97
2007-06-13,25.9,26.28,25.82,26.28,1300,26.28
2007-06-14,26.74,26.91,26.5,26.91,4500,26.91
2007-06-15,26.91,27.64,26.8,27.55,4400,27.55
2007-06-18,27.7,28.04,27.69,27.74,11100,27.74
2007-06-19,28.13,28.13,27.75,27.75,1200,27.75
2007-06-20,27.67,27.9,27.6,27.65,2100,27.65
2007-06-21,27.65,27.68,27.25,27.54,4100,27.54
2007-06-22,27.44,27.44,26.74,26.9,1100,26.9
2007-06-25,26.9,27.06,26.7,27.06,14800,27.06
2007-06-26,26.54,27.08,26.54,26.89,6900,26.89
2007-06-27,26.8,26.84,26.39,26.59,2500,26.59
2007-06-28,26.84,27.25,26.76,27.25,3200,27.25
2007-06-29,27.25,27.91,27.13,27.9,5800,27.9
2007-07-02,27.7,28.42,27.7,28.42,9300,28.42
2007-07-03,28.55,29.45,28.25,29.32,12700,29.32
2007-07-04,29.37,29.85,29.16,29.8,8600,29.8
2007-07-05,29.82,30.15,29.6,29.85,11400,29.85
2007-07-06,30.2,30.2,29.55,29.88,4000,29.88
2007-07-09,30.14,30.95,30.12,30.78,10000,30.78
2007-07-10,30.81,30.81,30.0,30.2,7200,30.2
2007-07-11,30.0,30.0,29.11,29.93,7900,29.93
2007-07-12,30.0,31.22,30.0,31.22,7100,31.22
2007-07-13,31.76,31.81,31.0,31.13,17600,31.13
2007-07-16,31.42,31.42,30.97,31.31,29100,31.31
2007-07-17,31.14,31.14,30.56,30.99,7500,30.99
2007-07-18,30.5,30.76,30.4,30.4,3500,30.4
2007-07-19,31.94,32.51,30.98,31.94,34200,31.94
2007-07-20,32.45,32.66,31.25,31.42,24700,31.42
2007-07-23,34.43,34.43,32.83,34.43,31900,34.43
2007-07-24,34.17,34.76,33.7,33.75,34300,33.75
2007-07-25,34.3,34.3,32.85,33.15,19000,33.15
2007-07-26,31.3,33.56,31.02,31.3,17300,31.3
2007-07-27,31.3,31.3,29.53,30.6,16800,30.6
2007-07-30,30.23,30.97,29.34,30.23,12900,30.23
2007-07-31,32.0,32.04,30.91,32.0,21100,32.0
2007-08-01,31.19,31.19,29.25,30.55,26700,30.55
2007-08-02,31.37,31.39,30.5,30.5,13600,30.5
2007-08-03,31.0,31.0,29.78,30.53,2600,30.53
2007-08-06,29.51,30.0,28.85,29.95,11500,29.95
2007-08-07,30.5,30.58,30.3,30.4,9400,30.4
2007-08-08,31.05,31.95,30.91,31.65,15100,31.65
2007-08-09,32.0,32.0,29.77,30.23,9100,30.23
2007-08-10,29.1,29.9,28.5,28.94,9900,28.94
2007-08-13,29.72,30.22,29.3,30.04,3900,30.04
2007-08-14,29.58,29.71,28.75,28.76,8500,28.76
2007-08-16,28.5,28.5,24.45,25.08,48000,25.08
2007-08-17,23.97,26.95,23.97,25.96,40200,25.96
2007-08-20,27.0,27.3,26.5,26.87,19800,26.87
2007-08-21,26.53,26.54,25.6,26.11,7000,26.11
2007-08-22,26.7,27.5,26.7,27.2,8500,27.2
2007-08-23,28.3,28.39,27.46,27.6,16300,27.6
2007-08-24,27.48,27.64,27.05,27.51,4900,27.51
2007-08-27,27.7,28.23,27.7,27.99,9900,27.99
2007-08-28,28.24,28.24,27.2,27.21,13800,27.21
2007-08-29,26.5,28.21,26.5,27.92,5700,27.92
2007-08-30,28.22,28.67,28.0,28.48,16400,28.48
2007-08-31,29.1,29.65,28.95,29.56,8900,29.56
2007-09-03,29.41,29.8,29.34,29.45,6600,29.45
2007-09-04,29.6,30.1,29.31,30.0,6600,30.0
2007-09-05,29.97,29.97,28.56,28.88,11500,28.88
2007-09-06,29.53,29.53,28.8,28.88,3700,28.88
2007-09-07,29.7,29.7,28.39,28.76,17600,28.76
2007-09-10,28.42,28.77,28.0,28.15,0,28.15
2007-09-11,28.7,29.26,28.52,29.1,8300,29.1
2007-09-12,29.0,29.5,28.97,29.1,5100,29.1
2007-09-13,29.28,29.9,29.23,29.9,3500,29.9
2007-09-14,30.0,30.6,29.68,30.48,18400,30.48
2007-09-17,30.1,30.32,29.85,30.15,5600,30.15
2007-09-18,30.22,30.74,30.1,30.63,7600,30.63
2007-09-19,31.0,33.06,31.0,33.01,29800,33.01
2007-09-20,33.0,33.33,32.2,32.61,9600,32.61
2007-09-21,32.3,33.09,32.27,33.03,6600,33.03
2007-09-24,33.11,33.25,32.54,32.73,21400,32.73
2007-09-25,33.3,33.3,31.71,32.29,20500,32.29
2007-09-26,32.3,33.19,32.24,32.92,9000,32.92
2007-09-27,33.15,33.49,32.2,33.37,15200,33.37
2007-09-28,33.47,33.47,32.65,32.76,8900,32.76
2007-10-01,33.1,34.0,32.55,33.58,7700,33.58
2007-10-02,34.0,34.19,33.35,33.54,12600,33.54
2007-10-03,34.0,34.01,33.0,33.35,10000,33.35
2007-10-04,33.71,34.29,33.32,34.2,7000,34.2
2007-10-05,34.3,35.92,34.3,35.73,27000,35.73
2007-10-08,36.0,36.26,35.35,35.4,17800,35.4
2007-10-09,35.64,36.88,35.3,36.78,37500,36.78
2007-10-10,36.7,36.81,35.82,36.26,26400,36.26
2007-10-11,36.19,36.74,35.7,36.4,27600,36.4
2007-10-12,36.2,36.41,35.76,36.4,22000,36.4
2007-10-15,35.65,36.74,35.2,35.36,23100,35.36
2007-10-16,35.4,35.4,34.58,35.07,15400,35.07
2007-10-17,34.72,35.95,34.59,35.78,14900,35.78
2007-10-18,35.62,35.64,34.11,34.5,25400,34.5
2007-10-19,34.0,34.79,33.63,33.75,16500,33.75
2007-10-22,33.13,33.13,30.72,32.33,26100,32.33
2007-10-23,33.48,34.17,33.43,33.78,13900,33.78
2007-10-24,33.82,34.19,33.05,33.12,6200,33.12
2007-10-25,34.08,34.99,33.94,34.52,7600,34.52
2007-10-26,35.0,35.21,34.41,34.91,27700,34.91
2007-10-29,35.04,35.16,34.58,35.02,9700,35.02
2007-10-30,35.2,35.29,34.84,35.02,13800,35.02
2007-10-31,34.51,35.95,34.51,35.7,12300,35.7
2007-11-01,35.6,36.44,34.71,35.46,13900,35.46
2007-11-02,34.85,34.98,34.3,34.41,8500,34.41
2007-11-05,34.7,34.7,33.28,33.83,5300,33.83
2007-11-06,34.5,34.78,34.37,34.69,1800,34.69
2007-11-07,34.83,34.83,33.24,33.62,4800,33.62
2007-11-08,33.33,33.33,32.09,32.82,8400,32.82
2007-11-09,32.0,33.22,31.19,31.59,5400,31.59
2007-11-12,31.22,32.0,30.97,31.41,12300,31.41
2007-11-13,31.59,32.45,31.23,32.42,4200,32.42
2007-11-14,33.05,33.57,32.6,33.3,10900,33.3
2007-11-15,33.35,33.35,32.53,32.74,3100,32.74
2007-11-16,32.5,32.82,32.19,32.44,4800,32.44
2007-11-19,33.0,33.0,31.19,31.34,6800,31.34
2007-11-20,31.7,31.78,30.89,31.68,4300,31.68
2007-11-21,31.69,31.69,29.82,30.0,9300,30.0
2007-11-22,29.6,30.29,29.6,30.01,24900,30.01
2007-11-23,30.28,30.28,30.28,30.28,0,30.28
2007-11-26,30.31,30.31,30.31,30.31,0,30.31
2007-11-27,30.05,30.06,28.7,28.97,3400,28.97
2007-11-28,29.46,31.66,29.46,31.42,4000,31.42
2007-11-29,31.6,31.75,31.08,31.25,5300,31.25
2007-11-30,31.57,32.62,31.57,32.23,4400,32.23
2007-12-03,32.37,32.56,32.18,32.27,2800,32.27
2007-12-04,32.57,32.57,31.5,31.89,1600,31.89
2007-12-05,32.53,33.38,32.35,33.29,4400,33.29
2007-12-06,33.52,34.0,33.07,33.45,5600,33.45
2007-12-07,33.54,34.25,33.54,34.04,7500,34.04
2007-12-10,33.75,34.26,33.72,34.2,3300,34.2
2007-12-11,34.5,34.5,33.81,33.91,3700,33.91
2007-12-12,33.56,34.69,32.98,33.91,6500,33.91
2007-12-13,33.21,33.89,32.91,33.14,1600,33.14
2007-12-14,33.5,33.66,33.08,33.08,5600,33.08
2007-12-17,32.44,32.93,32.05,32.39,3400,32.39
2007-12-18,32.52,32.62,32.25,32.4,0,32.4
2007-12-19,32.45,32.45,31.8,32.35,2300,32.35
2007-12-20,32.95,32.96,32.5,32.84,8600,32.84
2007-12-21,33.2,33.29,33.1,33.2,300,33.2
2007-12-27,34.45,34.45,33.0,33.14,1800,33.14
2007-12-28,33.14,33.55,33.1,33.12,2200,33.12
2008-01-02,33.0,33.19,31.85,32.5,0,32.5
2008-01-03,32.5,32.58,31.99,32.02,2300,32.02
2008-01-04,32.02,32.81,31.0,31.17,2100,31.17
2008-01-07,31.1,31.6,30.66,31.14,1400,31.14
2008-01-08,31.69,32.1,31.42,31.79,29000,31.79
2008-01-09,31.5,31.75,31.2,31.69,8500,31.69
2008-01-10,31.75,31.78,31.2,31.48,7800,31.48
2008-01-11,31.14,31.35,30.88,31.2,700,31.2
2008-01-14,30.57,30.85,30.57,30.71,1600,30.71
2008-01-15,31.0,31.0,29.6,29.73,18600,29.73
2008-01-16,29.6,29.6,28.38,28.67,9600,28.67
2008-01-17,29.68,29.68,28.2,28.58,4400,28.58
2008-01-18,28.78,29.8,28.18,28.51,3900,28.51
2008-01-21,27.35,27.9,25.97,26.44,19400,26.44
2008-01-22,25.6,27.0,24.06,25.91,17700,25.91
2008-01-23,27.24,27.24,24.6,25.47,5200,25.47
2008-01-24,25.5,26.8,25.5,26.53,5400,26.53
2008-01-25,27.3,27.64,26.55,26.81,5100,26.81
2008-01-28,26.45,26.45,25.12,25.67,13300,25.67
2008-01-29,26.0,26.5,26.0,26.21,6800,26.21
2008-01-30,26.35,26.47,26.1,26.3,6400,26.3
2008-01-31,26.3,26.3,24.69,25.48,6400,25.48
2008-02-01,26.0,26.5,25.64,26.49,3600,26.49
2008-02-04,27.37,27.45,27.0,27.08,4200,27.08
2008-02-05,27.69,27.69,26.3,26.56,13700,26.56
2008-02-06,25.46,26.04,25.04,25.94,13400,25.94
2008-02-07,25.65,25.65,24.49,24.62,8300,24.62
2008-02-08,25.2,25.24,24.25,24.38,1600,24.38
2008-02-11,24.0,24.12,23.38,23.88,8300,23.88
2008-02-12,23.95,25.64,23.95,25.48,18300,25.48
2008-02-13,25.52,26.47,24.89,26.09,3100,26.09
2008-02-14,26.55,27.17,26.5,26.62,1800,26.62
2008-02-15,26.69,26.8,25.67,25.81,11500,25.81
2008-02-18,26.31,27.0,26.27,27.0,2500,27.0
2008-02-19,27.0,27.3,26.37,27.03,3300,27.03
2008-02-20,26.31,26.69,26.31,26.47,3400,26.47
2008-02-21,27.0,27.07,26.5,27.06,1300,27.06
2008-02-22,26.42,26.48,25.81,25.96,26900,25.96
2008-02-25,26.71,26.71,25.73,25.97,5400,25.97
2008-02-26,26.31,26.57,26.02,26.55,5700,26.55
2008-02-27,26.75,26.94,26.28,26.83,11300,26.83
2008-02-28,26.76,26.76,26.0,26.15,800,26.15
2008-02-29,26.0,26.01,24.69,24.95,9100,24.95
2008-03-03,25.0,25.0,23.55,24.06,7000,24.06
2008-03-04,24.36,24.39,23.3,23.68,9200,23.68
2008-03-05,24.0,24.04,23.69,23.72,1800,23.72
2008-03-06,24.01,24.01,22.85,23.0,4200,23.0
2008-03-07,22.5,22.6,21.71,22.4,10700,22.4
2008-03-10,22.17,22.3,21.84,21.88,1600,21.88
2008-03-11,22.32,23.59,22.17,23.49,4300,23.49
2008-03-12,23.95,24.49,23.95,24.18,9500,24.18
2008-03-13,23.49,23.49,22.5,22.68,3800,22.68
2008-03-14,22.79,23.24,22.79,22.88,1400,22.88
2008-03-17,21.0,21.2,19.99,20.3,12100,20.3
2008-03-18,22.0,22.0,20.44,21.29,11100,21.29
2008-03-19,22.34,22.34,21.45,21.65,5100,21.65
2008-03-20,21.42,21.51,21.0,21.27,15300,21.27
2008-03-25,22.24,22.24,21.27,21.6,1800,21.6
2008-03-26,21.37,21.87,21.15,21.22,31500,21.22
2008-03-27,21.34,21.55,21.0,21.16,7000,21.16
2008-03-28,21.17,21.17,20.0,20.17,3600,20.17
2008-03-31,19.85,19.85,19.13,19.203,18100,19.203
2008-04-01,19.31,20.7,19.31,20.69,2900,20.69
2008-04-02,21.15,21.7,21.08,21.13,6500,21.13
2008-04-03,21.4,21.66,20.7,20.77,3700,20.77
2008-04-04,20.8,21.35,20.8,21.35,1600,21.35
2008-04-07,21.71,22.26,21.71,22.12,6800,22.12
2008-04-08,21.88,22.13,21.68,22.03,10900,22.03
2008-04-09,21.79,22.08,21.79,22.05,400,22.05
2008-04-10,21.9,21.9,21.06,21.72,5500,21.72
2008-04-11,21.97,21.97,21.18,21.18,8200,21.18
2008-04-14,20.85,20.85,20.7,20.77,300,20.77
2008-04-15,20.92,21.03,20.7,20.97,6300,20.97
2008-04-16,20.45,20.75,20.21,20.59,5700,20.59
2008-04-17,20.63,20.66,20.33,20.55,9800,20.55
2008-04-18,20.54,21.51,20.4,21.5,7600,21.5
2008-04-21,21.35,21.39,21.06,21.11,700,21.11
2008-04-22,21.35,21.55,21.25,21.33,2300,21.33
2008-04-23,21.5,21.98,21.18,21.75,4700,21.75
2008-04-24,21.64,22.06,21.45,22.05,9800,22.05
2008-04-25,22.54,22.67,22.3,22.3,500,22.3
2008-04-28,22.71,22.82,22.63,22.73,1300,22.73
2008-04-29,22.58,22.58,22.09,22.12,2600,22.12
2008-04-30,22.12,22.6,21.68,22.28,8700,22.28
2008-05-02,22.8,23.11,22.3,22.91,26300,22.91
2008-05-05,22.4,22.93,22.4,22.89,3700,22.89
2008-05-06,23.0,23.0,22.29,22.29,10800,22.29
2008-05-07,22.83,23.1,22.62,23.01,5300,23.01
2008-05-08,23.1,23.1,22.2,22.28,4900,22.28
2008-05-09,23.0,23.0,21.58,21.83,2200,21.83
2008-05-12,22.1,22.28,21.94,22.06,7100,22.06
2008-05-13,21.98,22.28,21.73,22.28,20800,22.28
2008-05-14,22.5,22.59,22.1,22.59,6100,22.59
2008-05-15,22.28,22.87,22.28,22.62,3500,22.62
2008-05-16,22.87,23.2,22.61,22.7,4800,22.7
2008-05-19,22.55,23.12,22.55,23.1,1500,23.1
2008-05-20,22.53,22.53,21.95,21.99,1800,21.99
2008-05-21,21.95,22.05,21.05,21.48,7500,21.48
2008-05-22,21.48,21.63,21.12,21.45,3100,21.45
2008-05-23,21.1,21.47,20.52,20.59,2400,20.59
2008-05-26,20.56,20.68,20.38,20.5,13000,20.5
2008-05-27,20.99,21.07,20.5,20.83,11800,20.83
2008-05-28,20.99,21.3,20.91,21.18,3000,21.18
2008-05-29,21.15,21.37,21.02,21.37,16900,21.37
2008-05-30,21.6,22.03,21.45,21.84,9000,21.84
2008-06-02,21.26,21.53,21.26,21.53,300,21.53
2008-06-03,21.12,21.9,21.11,21.88,16500,21.88
2008-06-04,21.25,21.62,21.25,21.62,900,21.62
2008-06-05,21.79,22.0,21.5,21.53,2200,21.53
2008-06-06,21.31,21.31,20.52,20.78,7800,20.78
2008-06-09,20.5,20.78,20.44,20.73,9900,20.73
2008-06-10,20.45,20.74,20.2,20.26,12100,20.26
2008-06-11,20.0,20.53,19.74,20.0,13100,20.0
2008-06-12,20.1,20.5,20.1,20.5,1200,20.5
2008-06-13,20.41,20.41,20.3,20.3,300,20.3
2008-06-16,20.7,20.97,20.4,20.43,1100,20.43
2008-06-17,20.75,20.81,20.75,20.81,100,20.81
2008-06-18,20.92,20.92,20.74,20.9,5500,20.9
2008-06-19,20.42,20.52,20.42,20.52,300,20.52
2008-06-20,20.9,20.92,20.17,20.23,2500,20.23
2008-06-23,20.3,20.32,20.11,20.3,500,20.3
2008-06-24,20.3,20.3,19.57,20.3,9700,20.3
2008-06-25,20.12,20.56,19.89,20.52,17000,20.52
2008-06-26,19.8,19.8,19.5,19.5,4600,19.5
2008-06-27,19.5,19.5,18.8,19.0,6600,19.0
2008-06-30,19.0,19.0,18.55,18.818,500,18.818
2008-07-01,18.71,18.71,17.18,17.63,22200,17.63
2008-07-02,17.82,17.82,17.5,17.633,7700,17.633
2008-07-03,17.0,17.99,17.0,17.87,14400,17.87
2008-07-04,17.43,18.4,17.43,18.331,20300,18.331
2008-07-07,18.66,18.86,18.55,18.742,8000,18.742
2008-07-08,18.25,18.72,18.25,18.612,4600,18.612
2008-07-09,19.22,19.22,19.03,19.08,1100,19.08
2008-07-10,19.0,19.2,18.95,18.962,500,18.962
2008-07-11,18.8,18.95,18.21,18.4,3100,18.4
2008-07-14,19.0,19.15,18.94,19.144,1100,19.144
2008-07-15,18.41,18.53,18.19,18.341,1300,18.341
2008-07-16,18.67,19.52,18.39,19.261,3300,19.261
2008-07-17,19.85,20.5,19.83,20.05,19900,20.05
2008-07-18,20.4,20.8,20.12,20.53,7800,20.53
2008-07-21,20.73,21.0,20.67,20.94,1600,20.94
2008-07-22,20.53,20.53,20.29,20.29,1500,20.29
2008-07-23,20.63,21.1,20.63,21.07,2500,21.07
2008-07-24,21.05,21.05,20.8,20.92,10100,20.92
2008-07-25,20.53,20.56,20.36,20.49,1300,20.49
2008-07-28,19.96,20.5,19.94,20.38,4200,20.38
2008-07-29,20.38,21.85,20.2,21.76,4000,21.76
2008-07-30,21.92,23.19,21.92,23.07,33600,23.07
2008-07-31,23.17,24.64,23.16,23.57,16600,23.57
2008-08-01,23.88,24.45,23.82,24.06,22900,24.06
2008-08-04,24.6,24.75,24.28,24.44,17600,24.44
2008-08-05,24.21,24.65,24.18,24.39,15700,24.39
2008-08-06,24.0,24.46,23.84,23.95,13200,23.95
2008-08-07,23.84,23.97,23.44,23.52,13600,23.52
2008-08-08,23.92,23.92,23.26,23.7,5200,23.7
2008-08-11,22.86,23.9,22.86,23.88,800,23.88
2008-08-12,23.9,24.32,23.9,24.32,1300,24.32
2008-08-13,23.86,23.91,23.76,23.76,1000,23.76
2008-08-14,24.26,24.36,23.93,24.36,600,24.36
2008-08-18,24.61,24.7,24.41,24.5,2000,24.5
2008-08-19,25.0,25.0,23.23,23.4,2000,23.4
2008-08-20,23.3,23.35,22.73,23.2,1700,23.2
2008-08-21,23.0,23.0,22.53,22.62,1600,22.62
2008-08-22,22.42,23.73,22.42,23.68,2200,23.68
2008-08-25,23.8,23.99,23.29,23.39,1800,23.39
2008-08-26,23.3,23.58,23.3,23.44,10400,23.44
2008-08-27,23.4,23.4,22.86,23.0,600,23.0
2008-08-28,23.04,23.42,22.8,22.95,2600,22.95
2008-08-29,23.47,23.56,23.1,23.26,1100,23.26
2008-09-01,22.89,23.11,22.89,23.04,500,23.04
2008-09-02,23.33,23.6,23.33,23.44,2200,23.44
2008-09-03,23.11,23.34,23.0,23.27,9300,23.27
2008-09-04,23.84,23.84,22.38,22.38,7000,22.38
2008-09-05,22.03,22.05,22.02,22.05,200,22.05
2008-09-08,23.51,23.8,23.47,23.68,3200,23.68
2008-09-09,23.87,23.87,23.21,23.29,0,23.29
2008-09-10,22.64,22.86,22.64,22.64,0,22.64
2008-09-11,22.51,22.51,21.58,21.95,8100,21.95
2008-09-12,21.8,22.1,21.69,21.69,500,21.69
2008-09-15,20.29,20.35,19.77,20.2,3000,20.2
2008-09-16,20.02,20.02,18.7,19.043,12100,19.043
2008-09-17,19.32,19.32,18.1,18.306,8300,18.306
2008-09-18,18.0,18.0,17.48,17.698,8600,17.698
2008-09-19,19.0,20.9,19.0,20.58,28800,20.58
2008-09-22,20.5,20.62,20.2,20.58,1800,20.58
2008-09-23,20.18,20.18,19.51,19.96,35500,19.96
2008-09-24,20.1,20.1,19.89,19.89,1800,19.89
2008-09-25,20.15,20.15,20.14,20.14,100,20.14
2008-09-26,20.75,20.75,20.45,20.6,200,20.6
2008-09-29,20.74,20.74,20.1,20.14,600,20.14
2008-09-30,19.78,20.1,19.0,19.52,5900,19.52
2008-10-01,20.21,20.56,20.21,20.21,0,20.21
2008-10-02,20.69,20.72,20.13,20.56,13900,20.56
2008-10-03,20.47,20.62,20.44,20.62,9100,20.62
2008-10-06,18.62,18.87,17.23,17.55,12000,17.55
2008-10-07,17.92,18.06,17.38,17.586,9900,17.586
2008-10-08,16.0,17.7,15.47,15.51,11100,15.51
2008-10-09,16.97,17.18,16.97,17.0,300,17.0
2008-10-10,15.3,15.3,14.05,14.5,5900,14.5
2008-10-13,14.5,16.61,14.5,16.09,17200,16.09
2008-10-14,17.0,17.54,16.5,16.5,600,16.5
2008-10-15,16.5,16.69,15.38,15.64,11700,15.64
2008-10-16,14.69,14.97,14.1,14.1,300,14.1
2008-10-17,15.0,15.0,13.6,14.19,800,14.19
2008-10-20,14.35,14.5,13.9,14.392,1800,14.392
2008-10-21,14.6,14.84,13.85,14.173,17100,14.173
2008-10-22,13.67,13.75,13.1,13.405,3200,13.405
2008-10-23,13.0,13.0,12.05,13.0,8900,13.0
2008-10-24,12.14,12.3,11.9,12.04,7700,12.04
2008-10-27,12.0,12.09,11.6,12.08,500,12.08
2008-10-28,13.0,14.1,13.0,13.64,8500,13.64
2008-10-29,13.1,14.11,13.1,14.11,800,14.11
2008-10-30,14.04,14.16,13.71,13.769,3800,13.769
2008-10-31,13.83,14.4,13.7,14.112,1300,14.112
2008-11-03,15.19,15.26,14.71,14.841,2900,14.841
2008-11-04,14.96,15.72,14.96,15.504,2200,15.504
2008-11-05,15.45,15.45,15.0,15.0,1200,15.0
2008-11-06,14.57,14.57,13.89,13.96,25300,13.96
2008-11-07,14.35,14.4,14.22,14.4,2800,14.4
2008-11-10,14.5,14.53,14.23,14.31,2300,14.31
2008-11-11,13.21,13.31,13.21,13.22,300,13.22
2008-11-12,13.0,13.0,12.48,12.48,15800,12.48
2008-11-13,12.64,12.8,12.64,12.71,1800,12.71
2008-11-14,12.68,12.83,12.49,12.49,35900,12.49
2008-11-17,12.64,12.64,12.49,12.49,0,12.49
2008-11-18,11.5,11.75,11.28,11.666,1800,11.666
2008-11-19,10.51,10.56,10.39,10.39,10100,10.39
2008-11-20,10.17,10.39,10.11,10.39,800,10.39
2008-11-21,10.59,10.8,10.25,10.25,26400,10.25
2008-11-24,11.2,12.76,11.2,12.76,31600,12.76
2008-11-25,11.91,12.41,11.91,11.91,0,11.91
2008-11-26,12.5,12.71,12.5,12.674,600,12.674
2008-11-27,12.78,13.0,12.6,13.0,2000,13.0
2008-11-28,12.97,13.34,12.97,13.319,700,13.319
2008-12-01,13.04,13.04,12.35,12.659,5100,12.659
2008-12-02,11.94,12.41,11.94,12.174,5400,12.174
2008-12-03,12.37,12.52,12.37,12.52,500,12.52
2008-12-04,12.62,12.62,12.51,12.51,200,12.51
2008-12-05,12.66,12.66,12.15,12.15,200,12.15
2008-12-08,12.81,12.85,12.8,12.833,4900,12.833
2008-12-09,12.72,13.0,12.72,12.8,300,12.8
2008-12-10,12.86,12.86,12.86,12.86,100,12.86
2008-12-11,12.66,12.94,12.66,12.66,0,12.66
2008-12-12,12.25,12.55,12.01,12.55,300,12.55
2008-12-15,12.55,12.59,12.43,12.501,100,12.501
2008-12-16,12.55,13.0,12.55,12.589,11000,12.589
2008-12-17,12.76,12.76,12.76,12.76,0,12.76
2008-12-18,12.76,12.76,12.56,12.76,5100,12.76
2008-12-19,12.53,12.81,12.53,12.8,5200,12.8
2008-12-22,12.65,12.65,12.65,12.65,0,12.65
2008-12-23,12.72,12.85,12.72,12.846,200,12.846
2008-12-29,13.01,13.01,12.58,12.632,5400,12.632
2008-12-30,12.7,12.93,12.7,12.914,6000,12.914
2009-01-02,13.0,13.29,13.0,13.29,2400,13.29
2009-01-05,13.77,13.93,13.53,13.913,2500,13.913
2009-01-06,14.0,14.61,14.0,14.28,38200,14.28
2009-01-07,14.28,14.28,13.67,13.67,7600,13.67
2009-01-08,13.34,13.34,12.68,12.692,11100,12.692
2009-01-09,12.93,12.93,12.78,12.92,400,12.92
2009-01-12,12.64,12.64,12.42,12.422,5500,12.422
2009-01-13,12.62,12.74,12.62,12.62,0,12.62
2009-01-14,12.65,12.65,12.32,12.32,0,12.32
2009-01-15,12.38,12.41,12.32,12.406,10000,12.406
2009-01-16,12.73,12.73,12.32,12.327,900,12.327
2009-01-19,12.28,12.34,12.05,12.34,6600,12.34
2009-01-20,12.25,12.25,11.75,11.858,100,11.858
2009-01-21,11.8,11.8,11.8,11.8,200,11.8
2009-01-22,12.15,12.15,11.73,11.921,12500,11.921
2009-01-23,11.8,11.82,11.75,11.801,5900,11.801
2009-01-26,12.18,12.8,12.18,12.513,500,12.513
2009-01-27,12.3,12.38,12.3,12.38,100,12.38
2009-01-28,13.0,13.07,13.0,13.009,0,13.009
2009-01-29,12.95,13.04,12.8,12.8,600,12.8
2009-01-30,12.5,12.5,12.5,12.5,0,12.5
2009-02-02,12.6,12.68,12.49,12.54,1200,12.54
2009-02-03,12.45,12.45,12.45,12.45,200,12.45
2009-02-04,12.77,13.0,12.77,12.86,10700,12.86
2009-02-05,12.58,12.75,12.58,12.685,100,12.685
2009-02-06,13.3,13.3,13.3,13.3,0,13.3
2009-02-09,13.36,13.52,13.36,13.42,3700,13.42
2009-02-10,13.11,13.11,13.1,13.1,600,13.1
2009-02-11,12.31,12.48,12.28,12.424,1900,12.424
2009-02-12,12.44,12.44,12.26,12.3,800,12.3
2009-02-13,12.32,12.32,12.32,12.32,0,12.32
2009-02-16,12.1,12.16,11.94,11.969,300,11.969
2009-02-17,11.78,11.78,11.45,11.45,200,11.45
2009-02-18,11.38,11.7,11.38,11.7,200,11.7
2009-02-19,11.67,11.68,11.67,11.671,5000,11.671
2009-02-20,11.46,11.46,11.25,11.25,1100,11.25
2009-02-23,11.35,11.41,11.25,11.25,7600,11.25
2009-02-24,11.26,11.43,11.26,11.43,300,11.43
2009-02-25,11.51,11.67,11.46,11.58,3600,11.58
2009-02-26,11.56,11.56,11.56,11.56,200,11.56
2009-02-27,11.5,11.55,11.5,11.55,100,11.55
2009-03-02,11.24,11.24,11.17,11.18,800,11.18
2009-03-03,11.2,11.2,11.0,11.0,100,11.0
2009-03-04,11.34,11.6,11.34,11.59,8700,11.59
2009-03-05,11.0,11.0,10.51,10.567,27300,10.567
2009-03-06,10.46,10.46,10.28,10.287,1300,10.287
2009-03-09,10.34,10.41,10.33,10.41,600,10.41
2009-03-10,10.38,10.38,10.38,10.38,0,10.38
2009-03-11,10.83,10.83,10.8,10.8,0,10.8
2009-03-12,10.21,10.67,10.21,10.251,1600,10.251
2009-03-13,10.81,10.91,10.81,10.81,0,10.81
2009-03-16,11.05,11.15,11.05,11.15,800,11.15
2009-03-17,10.79,10.89,10.79,10.79,0,10.79
2009-03-18,10.78,10.78,10.78,10.78,0,10.78
2009-03-19,10.53,10.67,10.31,10.392,1800,10.392
2009-03-20,10.68,10.68,10.68,10.68,200,10.68
2009-03-23,10.68,11.25,10.68,11.25,2400,11.25
2009-03-24,11.5,11.5,11.5,11.5,600,11.5
2009-03-25,11.45,11.68,11.45,11.615,600,11.615
2009-03-26,11.65,11.78,11.65,11.65,900,11.65
2009-03-27,11.58,11.87,11.58,11.87,500,11.87
2009-03-30,11.3,11.45,11.3,11.42,0,11.42
2009-03-31,11.57,12.08,11.57,11.951,1300,11.951
2009-04-01,12.15,12.18,12.15,12.18,100,12.18
2009-04-02,12.72,12.95,12.65,12.92,0,12.92
2009-04-03,12.96,13.0,12.7,12.778,30500,12.778
2009-04-06,13.15,13.31,12.94,12.961,8000,12.961
2009-04-07,13.08,13.08,12.7,12.908,16500,12.908
2009-04-08,13.04,13.63,13.04,13.083,800,13.083
2009-04-09,13.77,14.18,13.77,14.14,1700,14.14
2009-04-14,14.1,14.24,13.98,14.0,800,14.0
2009-04-15,13.88,13.88,13.69,13.771,2500,13.771
2009-04-16,13.91,14.38,13.91,14.37,3000,14.37
2009-04-17,14.5,14.78,14.47,14.47,2000,14.47
2009-04-20,14.6,14.6,13.7,13.769,900,13.769
2009-04-21,14.98,14.98,13.58,13.788,400,13.788
2009-04-22,13.8,13.85,13.8,13.85,200,13.85
2009-04-23,14.07,14.07,14.06,14.06,1500,14.06
2009-04-24,13.95,14.31,13.95,14.206,900,14.206
2009-04-27,14.21,14.36,14.21,14.274,400,14.274
2009-04-28,14.0,14.01,13.77,14.0,1300,14.0
2009-04-29,14.23,14.85,14.23,14.85,300,14.85
2009-04-30,15.0,15.26,15.0,15.23,1600,15.23
2009-05-04,15.5,15.72,15.31,15.581,3600,15.581
2009-05-05,15.87,16.27,15.87,16.012,1700,16.012
2009-05-06,16.38,16.48,16.08,16.48,2100,16.48
2009-05-07,16.67,17.5,15.8,15.888,22200,15.888
2009-05-08,16.08,16.2,15.86,15.979,500,15.979
2009-05-11,15.89,15.89,15.48,15.48,300,15.48
2009-05-12,15.7,15.88,15.7,15.828,1400,15.828
2009-05-13,15.9,15.9,15.55,15.629,700,15.629
2009-05-14,15.63,15.63,15.4,15.62,1600,15.62
2009-05-15,16.0,16.11,15.91,16.013,4800,16.013
2009-05-18,15.91,16.49,15.91,16.338,1500,16.338
2009-05-19,16.75,17.0,16.68,16.747,9500,16.747
2009-05-20,16.74,17.19,16.55,16.804,72000,16.804
2009-05-21,16.99,17.09,16.75,16.753,2100,16.753
2009-05-22,16.81,16.85,16.74,16.753,300,16.753
2009-05-25,16.65,16.66,16.65,16.651,15100,16.651
2009-05-26,16.95,16.95,16.16,16.633,8600,16.633
2009-05-27,16.65,16.65,16.35,16.507,1700,16.507
2009-05-28,16.3,16.4,16.3,16.3,400,16.3
2009-05-29,16.62,16.84,16.56,16.56,1600,16.56
2009-06-01,16.77,17.21,16.73,17.19,45200,17.19
2009-06-02,17.1,17.1,16.73,16.78,10400,16.78
2009-06-03,16.9,16.9,16.26,16.26,1500,16.26
2009-06-04,16.18,16.21,16.0,16.01,1300,16.01
2009-06-05,16.05,16.1,16.0,16.0,5100,16.0
2009-06-08,16.0,16.1,15.73,15.86,1500,15.86
2009-06-09,15.86,15.86,15.62,15.7,100,15.7
2009-06-10,16.0,16.1,15.88,15.94,11500,15.94
2009-06-11,16.08,16.36,16.08,16.28,1000,16.28
2009-06-12,16.5,16.9,16.32,16.44,800,16.44
2009-06-15,16.28,16.42,16.28,16.4,700,16.4
2009-06-16,16.26,16.26,16.14,16.22,1600,16.22
2009-06-17,16.28,16.3,16.13,16.16,700,16.16
2009-06-18,16.13,16.72,16.01,16.72,3900,16.72
2009-06-19,16.43,16.9,16.43,16.78,2300,16.78
2009-06-22,16.61,16.61,16.55,16.55,700,16.55
2009-06-23,16.12,16.12,15.95,15.95,1400,15.95
2009-06-24,16.35,16.55,16.35,16.55,900,16.55
2009-06-25,16.71,17.0,16.71,17.0,5000,17.0
2009-06-26,17.21,17.43,17.21,17.27,3300,17.27
2009-06-29,17.48,17.79,17.45,17.47,1200,17.47
2009-06-30,17.65,17.65,17.2,17.2,600,17.2
2009-07-01,17.55,17.7,17.5,17.58,1900,17.58
2009-07-02,17.68,17.68,17.33,17.58,1300,17.58
2009-07-03,17.45,17.48,17.37,17.39,1400,17.39
2009-07-06,17.21,17.25,17.21,17.25,400,17.25
2009-07-07,17.43,17.44,17.23,17.32,8600,17.32
2009-07-08,17.28,17.35,17.17,17.2,500,17.2
2009-07-09,17.5,17.67,17.26,17.26,800,17.26
2009-07-10,17.34,17.43,17.18,17.18,5200,17.18
2009-07-13,17.02,17.5,16.91,17.44,4000,17.44
2009-07-14,17.7,17.7,17.28,17.32,5500,17.32
2009-07-15,17.7,18.08,17.7,18.07,2900,18.07
2009-07-16,18.02,18.1,17.94,17.98,2400,17.98
2009-07-17,18.01,18.05,17.9,17.9,1500,17.9
2009-07-20,18.0,18.19,18.0,18.12,2200,18.12
2009-07-21,18.0,18.29,17.98,18.03,1400,18.03
2009-07-22,17.99,18.4,17.99,18.32,1800,18.32
2009-07-23,18.43,19.16,18.41,19.09,11800,19.09
2009-07-24,18.83,19.34,18.83,19.08,13600,19.08
2009-07-27,18.93,19.41,18.93,19.28,5000,19.28
2009-07-28,19.51,19.51,19.18,19.28,6200,19.28
2009-07-29,19.0,19.81,19.0,19.58,9100,19.58
2009-07-30,19.77,20.99,19.77,20.86,5600,20.86
2009-07-31,20.86,21.5,20.71,20.86,6600,20.86
2009-08-03,21.21,21.8,21.19,21.66,2600,21.66
2009-08-04,21.41,21.72,21.35,21.66,6600,21.66
2009-08-05,21.78,21.88,20.72,20.88,10500,20.88
2009-08-06,20.86,20.96,20.36,20.88,7900,20.88
2009-08-07,20.71,21.79,20.52,20.88,4100,20.88
2009-08-10,21.76,21.85,21.5,21.62,4700,21.62
2009-08-11,21.97,21.97,20.5,20.66,4600,20.66
2009-08-12,20.3,20.85,20.03,20.61,4000,20.61
2009-08-13,20.9,21.93,20.9,21.44,3000,21.44
2009-08-14,21.81,21.82,21.02,21.1,1700,21.1
2009-08-17,20.7,21.26,20.66,21.1,900,21.1
2009-08-18,21.53,21.66,21.38,21.41,4600,21.41
2009-08-19,21.43,21.85,21.26,21.78,3300,21.78
2009-08-20,22.0,22.5,22.0,22.42,10100,22.42
2009-08-21,22.27,22.88,22.24,22.38,3900,22.38
2009-08-24,23.0,23.59,22.62,22.89,9900,22.89
2009-08-25,22.86,22.95,22.67,22.89,2200,22.89
2009-08-26,22.68,22.68,22.21,22.3,3700,22.3
2009-08-27,22.0,22.5,22.0,22.32,3500,22.32
2009-08-28,22.25,22.42,22.15,22.23,2200,22.23
2009-08-31,22.32,22.32,21.83,21.87,3200,21.87
2009-09-01,22.28,22.28,21.3,21.82,1500,21.82
2009-09-02,21.52,21.59,21.3,21.48,700,21.48
2009-09-03,21.02,21.5,21.02,21.42,1500,21.42
2009-09-04,21.76,21.76,21.23,21.49,800,21.49
2009-09-07,21.55,21.56,21.53,21.56,400,21.56
2009-09-08,22.0,22.0,20.86,21.38,2400,21.38
2009-09-09,20.86,20.93,20.56,20.84,3500,20.84
2009-09-10,20.55,20.8,20.3,20.73,2600,20.73
2009-09-11,21.3,21.6,21.3,21.6,4300,21.6
2009-09-14,21.57,21.57,21.14,21.14,2300,21.14
2009-09-15,21.36,21.4,21.17,21.27,1900,21.27
2009-09-16,21.49,21.68,21.38,21.57,1700,21.57
2009-09-17,21.7,21.8,21.53,21.54,1800,21.54
2009-09-18,21.64,21.7,21.47,21.55,500,21.55
2009-09-21,21.13,21.36,21.09,21.33,700,21.33
2009-09-22,21.61,21.61,21.4,21.45,2500,21.45
2009-09-23,21.81,21.81,21.58,21.64,1900,21.64
2009-09-24,21.78,21.94,21.6,21.77,1400,21.77
2009-09-25,21.79,22.0,21.75,21.9,1000,21.9
2009-09-28,21.88,21.97,21.77,21.89,1600,21.89
2009-09-29,22.16,22.38,22.02,22.24,1400,22.24
2009-09-30,22.46,22.7,22.19,22.22,1800,22.22
2009-10-01,22.19,22.23,21.67,22.18,3100,22.18
2009-10-02,21.74,21.74,21.74,21.74,200,21.74
2009-10-05,21.74,22.19,21.74,22.19,1100,22.19
2009-10-06,22.69,23.13,22.59,23.03,5500,23.03
2009-10-07,23.16,23.19,22.6,23.01,5800,23.01
2009-10-08,23.16,23.4,23.13,23.4,3400,23.4
2009-10-09,23.4,23.5,23.24,23.46,4100,23.46
2009-10-12,23.45,23.8,23.19,23.7,8900,23.7
2009-10-13,23.62,23.9,23.62,23.7,2100,23.7
2009-10-14,23.89,23.99,23.64,23.87,4100,23.87
2009-10-15,23.89,23.99,23.64,23.77,4100,23.77
2009-10-16,23.88,23.88,22.92,23.1,5800,23.1
2009-10-19,23.23,23.35,23.11,23.34,26800,23.34
2009-10-20,23.93,23.97,23.39,23.4,25100,23.4
2009-10-21,23.49,23.64,23.23,23.49,10800,23.49
2009-10-22,23.67,23.97,23.06,23.28,6700,23.28
2009-10-23,23.38,23.57,23.06,23.12,7300,23.12
2009-10-26,23.14,23.23,22.64,23.12,19300,23.12
2009-10-27,22.84,23.1,22.54,22.73,38700,22.73
2009-10-28,22.01,22.01,21.39,21.55,59200,21.55
2009-10-29,21.51,22.22,21.47,22.17,3300,22.17
2009-10-30,22.28,22.33,20.93,20.94,10900,20.94
2009-11-02,20.85,20.9,20.72,20.77,8200,20.77
2009-11-03,21.13,21.29,20.76,20.85,13800,20.85
2009-11-04,21.13,21.29,20.76,21.23,13800,21.23
2009-11-05,21.37,21.37,20.93,21.2,3300,21.2
2009-11-06,21.37,21.37,20.93,20.93,3300,20.93
2009-11-09,21.51,21.56,21.34,21.44,1700,21.44
2009-11-10,21.51,21.56,21.34,21.46,2700,21.46
2009-11-11,21.7,21.98,21.7,21.98,3000,21.98
2009-11-12,21.98,21.98,21.63,21.63,4300,21.63
2009-11-13,21.74,21.77,21.54,21.77,1800,21.77
2009-11-16,21.81,21.81,21.52,21.81,8800,21.81
2009-11-17,21.62,21.62,20.83,21.01,6500,21.01
2009-11-18,20.8,20.86,20.46,20.61,5600,20.61
2009-11-19,20.36,20.5,20.26,20.3,10300,20.3
2009-11-20,20.4,20.45,19.83,20.01,19300,20.01
2009-11-23,20.03,20.07,19.72,20.03,10400,20.03
2009-11-24,19.95,20.23,19.95,20.01,12700,20.01
2009-11-25,19.96,20.03,19.78,19.95,18500,19.95
2009-11-26,19.69,19.69,19.28,19.46,22000,19.46
2009-11-27,19.46,19.46,18.8,19.42,10500,19.42
2009-11-30,19.6,19.6,19.12,19.15,20600,19.15
2009-12-01,19.57,20.0,19.51,20.0,27300,20.0
2009-12-02,20.37,20.89,20.35,20.75,28400,20.75
2009-12-03,20.85,22.0,20.85,21.84,61800,21.84
2009-12-04,21.78,22.41,21.6,22.29,20100,22.29
2009-12-07,22.29,22.31,22.04,22.26,16700,22.26
2009-12-08,22.4,22.52,21.93,21.99,2300,21.99
2009-12-09,21.85,22.05,21.56,21.86,3200,21.86
2009-12-10,21.65,22.16,21.65,22.09,6000,22.09
2009-12-11,22.07,22.1,21.81,22.09,1800,22.09
2009-12-14,22.24,22.46,22.24,22.39,11700,22.39
2009-12-15,22.5,22.62,22.35,22.59,7400,22.59
2009-12-16,22.8,22.86,22.66,22.81,6300,22.81
2009-12-17,22.87,22.87,22.49,22.57,2600,22.57
2009-12-18,22.54,22.72,22.54,22.65,8500,22.65
2009-12-21,22.75,23.12,22.65,23.08,2300,23.08
2009-12-22,23.18,23.3,23.07,23.28,5800,23.28
2009-12-23,23.13,23.37,22.77,23.13,2300,23.13
2009-12-28,23.43,23.44,23.25,23.33,3300,23.33
2009-12-29,23.15,23.46,23.15,23.39,1700,23.39
2009-12-30,23.35,23.53,23.3,23.45,1400,23.45
2010-01-04,23.4,24.7,23.4,24.7,60900,24.7
2010-01-05,24.98,25.18,24.9,25.02,44400,25.02
2010-01-06,25.0,25.35,25.0,25.21,4000,25.21
2010-01-07,25.25,25.7,25.06,25.7,11700,25.7
2010-01-08,25.86,25.86,25.5,25.65,13500,25.65
2010-01-11,25.36,25.68,24.9,25.56,11700,25.56
2010-01-12,24.9,25.14,24.71,24.81,24800,24.81
2010-01-13,24.81,25.35,24.81,25.3,14200,25.3
2010-01-14,25.26,25.68,25.2,25.25,108000,25.25
2010-01-15,25.15,25.38,25.0,25.04,12600,25.04
2010-01-18,25.04,25.42,25.0,25.36,15000,25.36
2010-01-19,25.7,25.87,25.21,25.82,30600,25.82
2010-01-20,25.8,26.2,25.75,25.87,26500,25.87
2010-01-21,25.93,26.09,25.76,25.84,11800,25.84
2010-01-22,25.11,25.41,24.8,25.05,26600,25.05
2010-01-25,24.99,25.25,24.99,25.15,1300,25.15
2010-01-26,24.63,25.22,24.43,25.22,36900,25.22
2010-01-27,25.15,25.55,25.01,25.01,12600,25.01
2010-01-28,25.0,25.57,25.0,25.31,2800,25.31
2010-01-29,25.0,25.48,25.0,25.43,1200,25.43
2010-02-01,25.45,26.08,25.45,26.07,3000,26.07
2010-02-02,25.9,25.97,25.7,25.95,12200,25.95
2010-02-03,25.71,26.0,25.58,25.66,2900,25.66
2010-02-04,25.44,25.44,24.64,24.64,2000,24.64
2010-02-05,24.6,24.6,23.8,23.83,7400,23.83
2010-02-08,23.5,24.03,23.3,23.83,11100,23.83
2010-02-09,23.6,23.69,23.47,23.54,2900,23.54
2010-02-10,24.02,24.14,23.54,23.6,8300,23.6
2010-02-11,23.88,23.92,23.62,23.62,8400,23.62
2010-02-12,24.12,24.21,23.66,23.79,1300,23.79
2010-02-15,23.92,24.11,23.9,23.95,1200,23.95
2010-02-16,24.14,24.21,24.1,24.18,800,24.18
2010-02-17,24.25,24.96,24.25,24.84,2400,24.84
2010-02-18,24.47,24.76,24.4,24.6,7100,24.6
2010-02-19,24.14,25.2,24.14,25.2,2900,25.2
2010-02-22,25.3,25.3,24.45,24.46,3600,24.46
2010-02-23,24.46,24.46,23.83,23.83,4100,23.83
2010-02-24,23.6,23.68,22.7,22.96,15900,22.96
2010-02-25,23.35,23.35,22.25,22.36,3700,22.36
2010-02-26,22.82,23.04,22.44,22.98,4900,22.98
2010-03-01,23.19,23.74,23.19,23.68,6900,23.68
2010-03-02,23.6,23.96,23.59,23.82,2600,23.82
2010-03-03,23.82,23.82,23.48,23.66,6000,23.66
2010-03-04,23.5,23.56,23.35,23.53,2600,23.53
2010-03-05,23.65,24.13,23.58,24.13,3300,24.13
2010-03-08,24.36,24.5,24.18,24.5,4400,24.5
2010-03-09,24.95,24.95,24.17,24.49,5000,24.49
2010-03-10,24.26,24.39,24.2,24.28,2700,24.28
2010-03-11,23.85,24.29,23.85,24.09,900,24.09
2010-03-12,24.16,24.23,23.8,23.94,16800,23.94
2010-03-15,23.86,24.0,23.8,23.91,1200,23.91
2010-03-16,24.11,24.55,24.11,24.41,4800,24.41
2010-03-17,24.74,25.22,24.63,25.15,6300,25.15
2010-03-18,25.4,25.4,24.69,24.75,4800,24.75
2010-03-19,24.92,24.99,24.79,24.84,2000,24.84
2010-03-22,24.86,24.86,24.69,24.72,300,24.72
2010-03-23,25.09,25.35,25.05,25.27,2900,25.27
2010-03-24,25.47,26.0,25.4,26.0,10700,26.0
2010-03-25,26.01,26.99,26.01,26.75,13000,26.75
2010-03-26,26.99,27.38,26.52,26.62,7400,26.62
2010-03-29,26.97,26.97,26.42,26.72,6400,26.72
2010-03-30,26.79,26.79,26.5,26.7,6600,26.7
2010-03-31,26.71,27.2,26.71,26.72,7600,26.72
2010-04-01,26.96,27.35,26.9,27.28,7100,27.28
2010-04-06,27.3,28.4,27.3,28.33,32900,28.33
2010-04-07,28.5,28.73,28.24,28.62,22700,28.62
2010-04-08,28.75,28.8,28.32,28.54,12400,28.54
2010-04-09,28.78,29.21,28.78,29.06,11200,29.06
2010-04-12,28.76,29.1,28.58,28.68,9200,28.68
2010-04-13,28.55,28.55,28.2,28.31,8700,28.31
2010-04-14,28.46,28.96,28.46,28.96,5300,28.96
2010-04-15,29.24,29.25,28.89,29.06,19000,29.06
2010-04-16,29.01,29.08,28.26,28.26,8500,28.26
2010-04-19,28.0,28.54,27.9,28.37,7600,28.37
2010-04-20,28.0,29.0,28.0,28.93,15800,28.93
2010-04-21,29.25,29.35,28.66,28.86,8100,28.86
2010-04-22,29.13,29.21,28.67,28.96,8400,28.96
2010-04-23,29.11,29.3,29.1,29.23,20000,29.23
2010-04-26,29.33,29.63,29.3,29.5,14700,29.5
2010-04-27,29.2,29.2,28.41,28.41,12700,28.41
2010-04-28,28.1,28.71,27.73,28.55,11200,28.55
2010-04-29,28.8,29.13,28.4,28.95,4300,28.95
2010-04-30,29.02,29.02,28.5,28.95,4000,28.95
2010-05-03,28.96,28.96,28.64,28.64,12200,28.64
2010-05-04,29.2,29.2,27.75,28.03,16300,28.03
2010-05-05,28.11,28.16,27.55,27.83,6000,27.83
2010-05-06,27.89,27.93,26.94,27.19,6500,27.19
2010-05-07,26.66,26.66,25.89,26.06,5900,26.06
2010-05-10,27.49,28.0,27.0,27.94,5900,27.94
2010-05-11,28.0,28.78,27.6,28.28,2700,28.28
2010-05-12,28.28,29.15,28.28,29.0,4300,29.0
2010-05-13,29.55,29.66,29.24,29.48,13700,29.48
2010-05-14,29.4,29.4,28.15,28.15,11400,28.15
2010-05-17,28.42,28.81,28.42,28.51,3700,28.51
2010-05-18,28.73,29.23,28.73,29.11,2800,29.11
2010-05-19,28.55,29.1,27.48,27.49,64900,27.49
2010-05-20,28.05,28.07,26.95,27.19,1700,27.19
2010-05-21,26.61,26.91,26.28,26.9,13800,26.9
2010-05-24,27.2,27.62,27.0,27.39,3600,27.39
2010-05-25,26.5,26.7,26.13,26.34,18300,26.34
2010-05-26,26.49,27.66,26.45,27.47,6000,27.47
2010-05-27,27.46,27.89,27.45,27.66,4300,27.66
2010-05-28,27.8,28.06,27.67,28.04,25400,28.04
2010-05-31,27.63,27.78,27.3,27.62,14700,27.62
2010-06-01,27.41,27.6,27.18,27.47,3200,27.47
2010-06-02,27.61,27.97,27.61,27.97,1300,27.97
2010-06-03,28.51,28.59,28.18,28.18,2900,28.18
2010-06-04,28.29,28.39,27.73,28.04,2500,28.04
2010-06-07,27.51,27.87,27.45,27.63,7500,27.63
2010-06-08,27.59,27.65,27.5,27.52,6200,27.52
2010-06-09,27.64,27.82,27.55,27.8,2700,27.8
2010-06-10,27.37,28.16,27.37,28.16,4600,28.16
2010-06-11,28.54,28.54,28.21,28.45,9000,28.45
2010-06-14,28.8,28.92,28.49,28.63,18400,28.63
2010-06-15,28.6,28.99,28.52,28.91,5800,28.91
2010-06-16,29.0,29.17,28.71,28.99,10500,28.99
2010-06-17,29.09,29.5,29.09,29.27,3100,29.27
2010-06-18,29.33,29.5,29.2,29.32,15100,29.32
2010-06-21,29.38,29.66,29.38,29.57,17200,29.57
2010-06-22,29.63,29.63,29.3,29.5,10700,29.5
2010-06-23,29.7,29.7,28.37,29.19,6500,29.19
2010-06-24,28.18,28.21,27.85,27.85,17600,27.85
2010-06-25,28.34,28.34,28.1,28.19,11700,28.19
2010-06-28,28.25,28.63,28.25,28.605,12900,28.605
2010-06-29,28.4,28.405,28.01,28.13,19000,28.13
2010-06-30,28.115,28.25,27.5,27.71,4700,27.71
2010-07-01,27.385,27.51,26.87,26.99,15000,26.99
2010-07-02,27.25,27.64,27.155,27.57,13100,27.57
2010-07-05,27.875,28.075,27.875,27.88,13800,27.88
2010-07-06,28.255,28.535,28.22,28.225,7200,28.225
2010-07-07,28.11,28.58,28.03,28.225,6500,28.225
2010-07-08,28.84,28.84,28.54,28.76,15600,28.76
2010-07-09,28.435,28.63,28.33,28.445,5500,28.445
2010-07-12,28.495,28.9,28.495,28.65,13400,28.65
2010-07-13,28.875,29.32,28.62,28.96,14800,28.96
2010-07-14,29.33,29.36,29.175,29.34,6100,29.34
2010-07-15,29.27,29.5,28.62,28.675,10900,28.675
2010-07-16,28.74,29.03,28.52,28.555,12800,28.555
2010-07-19,28.6,28.96,28.49,28.735,10400,28.735
2010-07-20,28.9,28.94,28.64,28.72,24600,28.72
2010-07-21,29.44,29.95,29.44,29.7,14600,29.7
2010-07-22,29.97,30.39,29.97,30.175,5100,30.175
2010-07-23,30.35,30.35,29.875,29.94,20000,29.94
2010-07-26,29.78,29.91,29.7,29.87,6500,29.87
2010-07-27,29.9,30.55,29.9,30.38,14000,30.38
2010-07-28,30.45,30.57,30.25,30.39,5800,30.39
2010-07-29,31.0,31.0,30.34,30.34,10500,30.34
2010-07-30,30.2,30.275,29.9,30.275,12300,30.275
2010-08-02,30.47,30.575,30.225,30.49,32600,30.49
2010-08-03,30.6,31.0,30.0,30.155,8200,30.155
2010-08-04,30.075,30.19,29.9,30.155,2200,30.155
2010-08-05,29.98,29.98,29.54,29.715,18000,29.715
2010-08-06,29.925,30.155,29.565,29.74,19700,29.74
2010-08-09,30.26,30.26,29.98,29.985,25700,29.985
2010-08-10,29.79,29.79,29.54,29.54,4000,29.54
2010-08-11,29.47,29.47,28.9,29.11,33100,29.11
2010-08-12,29.0,29.475,28.64,29.41,1100,29.41
2010-08-13,29.775,29.775,29.47,29.645,3200,29.645
2010-08-16,29.7,29.7,29.61,29.7,1000,29.7
2010-08-17,30.18,30.43,30.08,30.365,14300,30.365
2010-08-18,30.75,30.75,30.1,30.365,1200,30.365
2010-08-19,30.5,30.5,29.805,29.82,3100,29.82
2010-08-20,29.885,30.01,29.765,29.975,2200,29.975
2010-08-23,29.985,30.01,29.865,29.935,1800,29.935
2010-08-24,29.84,29.88,29.6,29.88,24100,29.88
2010-08-25,29.78,29.94,29.49,29.76,19500,29.76
2010-08-26,29.0,30.01,29.0,30.01,5800,30.01
2010-08-27,30.15,30.245,30.055,30.24,35800,30.24
2010-08-30,30.48,30.48,30.2,30.2,44600,30.2
2010-08-31,30.1,30.55,30.1,30.195,11700,30.195
2010-09-01,30.42,30.85,30.29,30.525,69300,30.525
2010-09-02,30.76,30.93,30.66,30.79,11700,30.79
2010-09-03,31.0,31.2,30.92,31.055,24700,31.055
2010-09-06,31.145,31.18,30.9,31.13,19600,31.13
2010-09-07,31.5,31.75,30.955,31.19,25800,31.19
2010-09-08,30.925,31.435,30.925,31.19,13100,31.19
2010-09-09,31.89,31.89,31.35,31.565,4900,31.565
2010-09-10,31.73,31.87,31.455,31.72,18300,31.72
2010-09-13,31.1,32.01,31.1,31.92,8700,31.92
2010-09-14,32.055,32.055,31.68,31.92,7000,31.92
2010-09-15,31.845,32.3,31.7,32.235,26300,32.235
2010-09-16,31.975,32.29,31.87,32.065,21200,32.065
2010-09-17,32.35,32.49,31.95,32.435,24900,32.435
2010-09-20,32.35,32.57,32.05,32.53,17900,32.53
2010-09-21,33.0,33.0,32.265,32.315,34100,32.315
2010-09-22,32.9,32.9,31.86,31.915,13800,31.915
2010-09-23,32.145,32.15,31.5,31.995,19800,31.995
2010-09-24,31.89,31.925,31.575,31.88,15300,31.88
2010-09-27,32.05,32.13,31.9,31.995,4600,31.995
2010-09-28,32.12,32.61,32.11,32.6,10600,32.6
2010-09-29,32.9,33.0,32.43,32.605,10800,32.605
2010-09-30,33.0,33.0,32.4,32.76,25600,32.76
2010-10-01,32.65,32.67,32.03,32.15,33400,32.15
2010-10-04,32.23,32.505,31.965,32.28,8500,32.28
2010-10-05,32.8,33.01,32.4,32.955,23100,32.955
2010-10-06,32.82,33.69,32.82,33.37,29300,33.37
2010-10-07,33.55,33.58,33.05,33.255,27700,33.255
2010-10-08,33.1,33.67,32.82,33.67,14900,33.67
2010-10-11,34.38,34.795,33.68,34.63,18900,34.63
2010-10-12,35.0,35.225,34.385,35.13,30000,35.13
2010-10-13,35.14,35.33,34.73,35.175,71100,35.175
2010-10-14,35.33,35.4,34.5,34.555,90200,34.555
2010-10-15,34.5,35.1,34.12,35.055,50600,35.055
2010-10-18,35.06,35.37,34.83,35.115,45600,35.115
2010-10-19,35.2,35.255,34.69,34.755,45100,34.755
2010-10-20,35.4,35.4,34.375,34.45,32600,34.45
2010-10-21,34.45,35.01,34.165,34.83,32200,34.83
2010-10-22,34.655,35.29,34.655,35.15,39900,35.15
2010-10-25,35.3,35.865,34.98,35.065,25800,35.065
2010-10-26,35.175,35.195,34.935,35.135,5600,35.135
2010-10-27,35.075,35.075,33.75,33.775,18600,33.775
2010-10-28,33.8,35.1,33.385,33.935,24500,33.935
2010-10-29,33.925,34.02,33.77,33.985,5600,33.985
2010-11-01,34.2,34.49,34.2,34.36,35100,34.36
2010-11-02,34.715,34.715,33.895,34.0,34500,34.0
2010-11-03,33.8,34.25,33.8,34.025,56300,34.025
2010-11-04,34.14,35.155,34.14,35.0,31400,35.0
2010-11-05,35.18,35.6,34.8,35.47,72600,35.47
2010-11-08,35.35,35.68,35.16,35.55,17600,35.55
2010-11-09,35.12,36.105,34.9,36.03,25800,36.03
2010-11-10,36.48,36.48,35.64,35.74,35400,35.74
2010-11-11,35.89,35.89,35.05,35.245,27900,35.245
2010-11-12,35.0,35.0,34.34,34.81,14100,34.81
2010-11-15,34.55,35.325,34.26,35.19,24200,35.19
2010-11-16,36.0,36.0,34.1,34.26,11000,34.26
2010-11-17,34.0,34.575,34.0,34.485,23700,34.485
2010-11-18,34.74,35.06,34.7,34.855,7700,34.855
2010-11-19,35.27,36.0,34.385,34.79,20000,34.79
2010-11-22,35.3,35.3,33.68,33.94,26000,33.94
2010-11-23,34.1,34.1,32.5,32.86,22300,32.86
2010-11-24,32.7,33.54,32.465,33.44,19300,33.44
2010-11-25,33.42,33.64,33.08,33.56,35200,33.56
2010-11-26,34.13,34.13,32.48,32.96,5700,32.96
2010-11-29,33.005,33.005,31.64,31.77,33900,31.77
2010-11-30,32.0,32.605,31.85,32.42,24700,32.42
2010-12-01,32.7,33.2,32.695,32.98,6500,32.98
2010-12-02,33.185,33.685,32.975,33.465,26900,33.465
2010-12-03,33.53,33.705,32.965,33.09,18100,33.09
2010-12-06,33.425,33.595,33.0,33.475,10300,33.475
2010-12-07,33.73,34.0,33.285,33.62,24200,33.62
2010-12-08,34.0,34.0,33.4,33.42,8100,33.42
2010-12-09,33.46,33.5,32.02,32.305,15300,32.305
2010-12-10,32.54,32.54,31.45,31.695,26200,31.695
2010-12-13,31.53,32.27,31.155,32.065,12400,32.065
2010-12-14,32.03,32.135,31.675,31.97,27200,31.97
2010-12-15,32.5,33.0,31.23,31.41,18700,31.41
2010-12-16,31.3,31.515,30.81,31.08,61500,31.08
2010-12-17,30.96,31.295,29.85,30.285,52200,30.285
2010-12-20,30.055,30.2,29.315,29.92,81500,29.92
2010-12-21,30.2,30.69,30.08,30.645,30900,30.645
2010-12-22,30.645,31.125,30.645,31.105,46000,31.105
2010-12-23,31.275,31.61,31.05,31.46,17900,31.46
2010-12-27,31.43,31.48,30.905,31.37,7800,31.37
2010-12-28,31.485,31.52,30.995,31.17,13500,31.17
2010-12-29,31.375,31.375,31.005,31.29,18600,31.29
2010-12-30,32.0,32.0,31.0,31.22,8800,31.22
2011-01-03,31.18,31.245,30.74,31.07,45900,31.07
2011-01-04,31.005,31.715,30.51,31.535,28900,31.535
2011-01-05,31.9,32.5,31.58,32.365,101400,32.365
2011-01-06,32.9,33.1,32.59,32.59,23500,32.59
2011-01-07,32.64,32.755,32.0,32.1,35300,32.1
2011-01-10,31.895,31.995,31.465,31.625,34100,31.625
2011-01-11,31.83,31.945,31.355,31.625,38400,31.625
2011-01-12,31.71,31.86,31.365,31.655,65800,31.655
2011-01-13,31.75,32.015,31.47,31.6,85300,31.6
2011-01-14,31.415,31.415,30.9,31.19,32400,31.19
2011-01-17,31.01,31.01,30.7,30.785,86000,30.785
2011-01-18,30.785,31.035,30.295,30.37,17600,30.37
2011-01-19,30.41,30.41,29.9,30.025,59100,30.025
2011-01-20,29.9,30.0,28.71,28.97,95900,28.97
2011-01-21,28.85,29.15,28.4,29.005,113400,29.005
2011-01-24,29.145,29.145,28.46,28.59,35700,28.59
2011-01-25,28.9,28.905,28.445,28.465,30000,28.465
2011-01-26,28.34,28.715,28.34,28.525,69500,28.525
2011-01-27,28.3,28.8,28.1,28.155,71500,28.155
2011-01-28,28.01,28.01,26.725,26.79,63500,26.79
2011-01-31,26.55,27.08,25.85,27.045,54700,27.045
2011-02-01,27.23,27.93,27.23,27.915,60300,27.915
2011-02-02,28.475,28.48,28.1,28.215,19500,28.215
2011-02-03,28.335,28.43,27.445,27.5,22000,27.5
2011-02-04,27.125,28.555,27.125,28.375,136200,28.375
2011-02-07,28.58,28.915,28.58,28.645,176500,28.645
2011-02-08,28.53,28.71,28.435,28.51,39100,28.51
2011-02-09,28.49,28.74,28.27,28.27,7700,28.27
2011-02-10,28.78,28.78,27.73,28.045,39000,28.045
2011-02-11,27.86,28.385,27.69,28.305,126500,28.305
2011-02-14,28.68,28.79,28.135,28.17,44500,28.17
2011-02-15,28.2,28.65,28.085,28.31,20700,28.31
2011-02-16,28.34,28.81,28.33,28.71,4200,28.71
2011-02-17,28.77,29.04,28.5,28.935,16000,28.935
2011-02-18,29.025,29.09,28.9,28.995,4800,28.995
2011-02-21,28.7,28.71,28.4,28.4,6800,28.4
2011-02-22,28.09,28.13,27.68,27.94,12500,27.94
2011-02-23,27.515,28.0,27.15,27.155,8900,27.155
2011-02-24,27.0,27.0,26.01,26.17,71300,26.17
2011-02-25,26.15,26.65,26.02,26.535,58400,26.535
2011-02-28,26.67,26.67,25.92,26.255,106100,26.255
2011-03-01,26.465,26.465,24.95,25.155,71100,25.155
2011-03-02,25.15,25.5,24.6,24.88,51400,24.88
2011-03-03,25.11,25.64,25.01,25.475,21500,25.475
2011-03-04,25.05,25.75,25.0,25.535,17400,25.535
2011-03-07,24.9,25.75,24.9,25.115,14300,25.115
2011-03-08,25.71,26.085,25.6,26.02,31600,26.02
2011-03-09,26.32,26.64,26.18,26.585,31300,26.585
2011-03-10,26.63,27.4,26.55,27.255,40000,27.255
2011-03-11,27.545,27.55,26.98,27.26,24900,27.26
2011-03-14,27.21,27.78,27.21,27.53,41200,27.53
2011-03-15,27.2,27.44,26.685,27.42,18900,27.42
2011-03-16,27.82,27.82,26.84,26.885,26700,26.885
2011-03-17,26.95,27.11,26.51,26.735,19700,26.735
2011-03-18,26.605,26.93,26.24,26.835,26100,26.835
2011-03-21,27.14,27.14,26.9,26.9,3800,26.9
2011-03-22,27.19,27.4,27.125,27.325,9400,27.325
2011-03-23,27.995,28.0,27.03,27.2,34100,27.2
2011-03-24,27.15,27.525,27.0,27.495,5400,27.495
2011-03-25,27.8,27.8,27.445,27.52,14800,27.52
2011-03-28,28.095,28.1,27.4,27.435,5000,27.435
2011-03-29,27.02,27.33,26.99,27.315,5200,27.315
2011-03-30,27.41,27.63,27.36,27.575,2700,27.575
2011-03-31,27.5,27.68,27.46,27.52,1900,27.52
2011-04-01,28.085,28.425,27.525,28.34,23500,28.34
2011-04-04,28.965,29.33,28.22,29.33,41400,29.33
2011-04-05,29.33,29.96,29.225,29.545,15400,29.545
2011-04-06,29.65,30.0,29.52,29.85,15500,29.85
2011-04-07,29.85,30.69,29.7,30.255,67300,30.255
2011-04-08,30.97,30.97,29.5,29.69,23900,29.69
2011-04-11,29.55,29.725,29.335,29.505,13700,29.505
2011-04-12,29.325,29.51,29.0,29.15,31600,29.15
2011-04-13,29.405,29.5,29.35,29.44,2700,29.44
2011-04-14,29.34,29.34,29.15,29.31,2500,29.31
2011-04-15,29.475,29.705,29.28,29.665,8900,29.665
2011-04-18,29.71,29.795,28.67,28.935,10700,28.935
2011-04-19,29.23,29.35,29.035,29.24,17900,29.24
2011-04-20,28.51,29.58,28.51,29.265,7700,29.265
2011-04-21,29.275,29.43,28.92,29.325,19400,29.325
2011-04-26,29.4,29.4,28.965,29.125,3800,29.125
2011-04-27,28.7,28.7,28.275,28.315,25700,28.315
2011-04-28,28.41,28.41,27.99,28.38,10000,28.38
2011-04-29,28.105,28.39,28.07,28.295,15200,28.295
2011-05-02,28.79,28.98,28.695,28.735,30900,28.735
2011-05-03,28.63,28.81,28.585,28.76,15900,28.76
2011-05-04,28.75,28.75,28.26,28.255,16000,28.255
2011-05-05,28.355,28.66,28.16,28.58,22900,28.58
2011-05-06,28.58,28.885,28.28,28.465,40300,28.465
2011-05-09,28.645,28.755,28.53,28.535,25400,28.535
2011-05-10,28.41,28.43,27.73,27.835,16400,27.835
2011-05-11,27.72,27.72,27.0,27.035,24800,27.035
2011-05-12,26.96,27.7,26.935,27.585,35700,27.585
2011-05-13,27.0,27.02,26.5,26.575,18500,26.575
2011-05-16,26.83,27.255,26.66,27.11,65900,27.11
2011-05-17,27.205,27.305,27.0,27.065,22500,27.065
2011-05-18,27.06,27.06,26.5,26.675,3200,26.675
2011-05-19,26.79,26.8,26.65,26.585,13800,26.585
2011-05-20,26.475,26.49,26.13,26.325,15000,26.325
2011-05-23,26.3,26.47,26.01,26.355,30200,26.355
2011-05-24,26.4,26.785,26.31,26.765,21000,26.765
2011-05-25,26.66,26.76,26.34,26.42,58300,26.42
2011-05-26,26.59,26.59,26.19,26.365,6500,26.365
2011-05-27,26.3,26.3,25.43,25.55,47900,25.55
2011-05-30,25.42,25.7,25.09,25.23,54500,25.23
2011-05-31,25.445,25.95,25.445,25.835,31200,25.835
2011-06-01,25.77,26.02,25.77,25.9,17400,25.9
2011-06-02,25.93,25.93,25.78,25.82,18800,25.82
2011-06-03,26.24,26.24,25.28,25.81,82700,25.81
2011-06-06,26.24,26.24,25.92,25.89,1700,25.89
2011-06-07,26.01,26.31,26.01,26.23,9000,26.23
2011-06-08,26.445,26.45,25.97,26.15,19900,26.15
2011-06-09,26.285,26.4,26.06,26.245,68000,26.245
2011-06-10,26.45,26.54,26.36,26.315,3100,26.315
2011-06-13,26.55,26.87,26.415,26.355,2100,26.355
2011-06-14,26.525,26.525,25.6,25.74,35300,25.74
2011-06-15,25.46,25.47,25.075,25.4,50200,25.4
2011-06-16,25.14,25.48,24.905,25.41,14000,25.41
2011-06-17,25.305,25.68,25.305,25.54,16300,25.54
2011-06-20,25.1,25.19,25.005,25.235,9300,25.235
2011-06-21,25.475,25.48,25.32,25.49,18500,25.49
2011-06-22,25.3,25.355,24.98,25.08,5100,25.08
2011-06-23,24.9,25.37,24.8,25.37,5800,25.37
2011-06-24,25.295,25.64,25.295,25.52,24100,25.52
2011-06-27,25.38,25.38,25.08,25.135,2200,25.135
2011-06-28,25.275,25.41,25.185,25.305,40400,25.305
2011-06-29,25.495,25.6,25.31,25.455,16300,25.455
2011-06-30,25.455,25.6,25.35,25.49,23200,25.49
2011-07-01,25.48,25.725,25.44,25.675,7100,25.675
2011-07-04,25.625,25.99,25.595,25.96,17200,25.96
2011-07-05,25.905,25.905,25.755,25.835,24300,25.835
2011-07-06,25.83,25.83,25.605,25.66,26600,25.66
2011-07-07,25.66,26.1,25.6,26.02,59900,26.02
2011-07-08,26.25,26.515,25.88,25.975,9700,25.975
2011-07-11,26.0,26.05,25.85,25.935,29100,25.935
2011-07-12,25.6,25.78,25.58,25.68,8200,25.68
2011-07-13,25.69,25.85,25.51,25.85,41300,25.85
2011-07-14,25.54,25.61,25.355,25.41,9600,25.41
2011-07-15,25.32,25.54,25.32,25.505,17800,25.505
2011-07-19,25.5,25.5,24.835,24.925,3400,24.925
2011-07-20,24.93,24.98,24.62,24.675,27100,24.675
2011-07-21,24.68,24.68,23.9,24.145,46500,24.145
2011-07-22,24.185,24.185,23.31,23.52,63200,23.52
2011-07-25,23.0,23.68,22.51,23.7,56600,23.7
2011-07-26,23.505,23.765,23.34,23.72,21100,23.72
2011-07-27,23.54,24.095,23.54,23.91,19000,23.91
2011-07-28,24.215,24.905,24.215,24.905,32900,24.905
2011-07-29,24.755,24.755,24.23,24.53,25900,24.53
2011-08-01,24.87,24.87,24.4,24.47,26400,24.47
2011-08-02,24.385,24.435,24.175,24.245,80700,24.245
2011-08-03,24.17,24.17,23.77,23.985,249000,23.985
2011-08-04,23.8,24.18,22.985,22.735,55800,22.735
2011-08-05,22.41,22.57,21.49,21.345,11100,21.345
2011-08-08,21.31,21.34,20.055,20.23,43000,20.23
2011-08-09,19.885,20.17,19.01,20.24,20200,20.24
2011-08-10,20.385,20.7,19.42,19.435,52200,19.435
2011-08-11,19.66,19.91,18.775,19.745,34500,19.745
2011-08-12,19.485,19.85,19.33,19.71,44800,19.71
2011-08-16,19.84,20.335,19.66,20.27,1600,20.27
2011-08-17,20.175,20.48,20.175,20.225,5500,20.225
2011-08-18,19.935,19.935,19.305,19.51,4900,19.51
2011-08-19,19.15,19.8,18.705,19.675,25700,19.675
2011-08-22,19.745,19.955,19.6,19.645,6300,19.645
2011-08-23,19.77,19.79,19.275,19.535,12600,19.535
2011-08-24,19.71,19.795,19.605,19.81,20500,19.81
2011-08-25,19.88,20.295,19.875,20.185,41100,20.185
2011-08-26,20.17,20.6,20.17,20.535,10600,20.535
2011-08-29,20.5,20.755,20.395,20.6,3800,20.6
2011-08-30,20.72,20.98,20.715,20.825,19400,20.825
2011-08-31,21.1,21.53,21.1,21.5,2500,21.5
2011-09-01,21.955,21.955,21.575,21.895,30800,21.895
2011-09-02,21.625,21.625,21.055,21.245,2700,21.245
2011-09-05,20.955,21.065,20.84,20.835,10600,20.835
2011-09-06,20.975,21.37,20.875,21.445,13800,21.445
2011-09-07,21.52,21.8,21.405,21.455,1500,21.455
2011-09-08,21.36,22.13,21.36,22.095,11800,22.095
2011-09-09,22.135,22.26,21.68,21.745,2000,21.745
2011-09-12,21.655,21.79,21.53,21.995,9200,21.995
2011-09-13,22.125,22.53,21.965,22.4,26800,22.4
2011-09-14,22.29,22.51,22.21,22.25,1400,22.25
2011-09-15,22.21,22.225,21.9,22.105,3400,22.105
2011-09-16,22.28,22.735,22.265,22.525,10600,22.525
2011-09-19,22.485,22.83,22.465,22.61,1000,22.61
2011-09-20,22.57,24.13,22.57,23.995,17400,23.995
2011-09-21,24.12,24.31,23.5,23.49,3800,23.49
2011-09-22,23.385,23.385,22.6,22.485,3200,22.485
2011-09-23,22.125,22.495,21.745,22.06,2700,22.06
2011-09-26,21.6,22.1,21.6,21.965,2000,21.965
2011-09-27,22.33,22.485,22.25,22.545,1000,22.545
2011-09-28,22.61,23.02,22.49,22.72,2200,22.72
2011-09-29,22.98,23.14,22.775,22.825,17000,22.825
2011-09-30,22.655,23.1,22.65,23.12,7200,23.12
2011-10-03,23.3,23.4,22.9,23.135,18100,23.135
2011-10-04,22.705,22.765,22.25,22.24,16400,22.24
2011-10-05,22.215,22.76,22.215,22.265,200,22.265
2011-10-06,22.9,22.9,22.12,22.28,16800,22.28
2011-10-07,22.525,22.525,21.975,22.2,16600,22.2
2011-10-10,22.295,22.51,22.295,22.515,500,22.515
2011-10-11,22.63,22.635,22.38,22.495,10500,22.495
2011-10-12,22.69,22.89,22.535,22.77,2700,22.77
2011-10-13,22.895,22.895,22.285,22.275,3900,22.275
2011-10-14,22.49,22.49,22.31,22.385,900,22.385
2011-10-17,22.725,22.75,21.99,21.93,2000,21.93
2011-10-18,21.685,22.35,21.685,22.185,6000,22.185
2011-10-19,22.35,22.35,21.89,21.58,11400,21.58
2011-10-20,21.5,21.67,20.92,20.91,5200,20.91
2011-10-21,20.99,21.39,20.86,21.28,5100,21.28
2011-10-24,21.5,21.6,21.08,21.565,4700,21.565
2011-10-25,21.63,21.765,21.53,21.33,100,21.33
2011-10-26,21.4,21.65,21.34,21.385,11700,21.385
2011-10-27,21.96,21.96,21.605,21.74,5300,21.74
2011-10-28,21.89,22.14,21.855,22.075,2500,22.075
2011-10-31,21.87,21.99,21.62,21.695,5700,21.695
2011-11-01,21.4,21.4,20.945,21.1,4100,21.1
2011-11-02,21.31,21.685,21.175,21.6,2300,21.6
2011-11-03,21.41,22.345,21.3,22.12,6500,22.12
2011-11-04,22.15,22.34,21.97,21.98,3800,21.98
2011-11-07,21.735,22.15,21.735,22.08,13000,22.08
2011-11-08,22.18,22.195,22.17,22.01,2200,22.01
2011-11-09,22.125,22.125,21.745,21.92,14400,21.92
2011-11-10,21.46,21.83,21.455,21.75,54100,21.75
2011-11-11,21.945,22.125,21.8,21.995,900,21.995
2011-11-14,22.3,22.3,21.9,21.87,6600,21.87
2011-11-15,21.975,21.975,21.61,21.69,4300,21.69
2011-11-16,21.865,21.955,21.855,21.885,800,21.885
2011-11-17,21.65,21.65,21.325,21.265,5600,21.265
2011-11-18,21.06,21.175,20.86,20.925,41900,20.925
2011-11-21,20.635,20.755,19.755,19.8,7200,19.8
2011-11-22,20.14,20.24,19.49,19.545,2600,19.545
2011-11-23,19.47,19.74,19.25,19.31,30500,19.31
2011-11-24,19.34,19.655,18.885,18.845,13400,18.845
2011-11-25,18.87,19.475,18.6,19.41,10000,19.41
2011-11-28,19.67,20.11,19.67,20.03,2800,20.03
2011-11-29,19.975,20.2,19.785,20.025,8900,20.025
2011-11-30,20.19,21.07,20.19,21.12,12800,21.12
2011-12-01,20.955,21.14,20.8,20.625,2700,20.625
2011-12-02,21.02,21.32,21.02,21.25,30700,21.25
2011-12-05,21.4,21.51,21.25,21.38,4400,21.38
2011-12-06,21.305,21.305,21.11,21.245,7700,21.245
2011-12-07,21.42,21.51,21.115,21.515,2400,21.515
2011-12-08,21.325,21.325,20.615,20.67,10100,20.67
2011-12-09,20.6,20.9,20.45,20.91,27900,20.91
2011-12-12,20.565,20.665,20.29,20.3,2200,20.3
2011-12-13,20.41,20.59,20.275,20.345,19000,20.345
2011-12-14,20.305,20.305,20.05,20.04,12900,20.04
2011-12-15,20.19,20.395,19.995,20.29,2100,20.29
2011-12-16,20.44,20.44,20.14,20.105,4600,20.105
2011-12-19,20.095,20.11,19.535,19.46,5400,19.46
2011-12-20,19.64,20.135,19.51,20.215,5600,20.215
2011-12-21,20.52,20.52,20.265,20.07,700,20.07
2011-12-22,20.285,20.285,19.945,20.02,600,20.02
2011-12-23,20.225,20.3,20.055,20.09,7300,20.09
2011-12-27,20.245,20.245,20.15,20.215,800,20.215
2011-12-28,20.3,20.3,19.975,19.85,2100,19.85
2011-12-29,19.915,20.195,19.79,20.095,2000,20.095
2011-12-30,20.32,20.64,20.01,20.045,44300,20.045
2012-01-02,19.96,20.255,19.945,20.03,1100,20.03
2012-01-03,20.145,20.75,20.115,20.735,2900,20.735
2012-01-04,20.8,20.8,20.19,20.215,2400,20.215
2012-01-05,20.8,20.8,20.08,20.37,3000,20.37
2012-01-06,20.33,20.52,20.33,20.125,800,20.125
2012-01-09,20.265,20.265,19.84,19.915,8400,19.915
2012-01-10,20.195,20.625,20.155,20.47,12700,20.47
2012-01-11,20.595,21.0,20.42,20.94,3600,20.94
2012-01-12,21.17,21.5,21.165,21.15,9200,21.15
2012-01-13,21.365,21.365,21.01,21.125,30900,21.125
2012-01-16,21.27,21.725,21.215,21.75,1800,21.75
2012-01-17,22.0,22.065,21.75,21.92,14800,21.92
2012-01-18,21.695,22.2,21.695,22.165,3800,22.165
2012-01-19,22.25,22.625,21.96,22.225,1000,22.225
2012-01-20,22.115,22.235,22.09,22.18,3000,22.18
2012-01-23,22.025,22.335,22.025,22.235,16900,22.235
2012-01-24,22.205,22.22,21.86,22.18,2600,22.18
2012-01-25,22.25,22.25,22.075,22.125,2100,22.125
2012-01-26,22.45,23.18,22.45,23.15,24400,23.15
2012-01-27,23.5,23.535,23.115,23.44,14100,23.44
2012-01-30,23.34,23.5,23.23,23.76,4500,23.76
2012-01-31,23.785,23.88,23.36,23.4,28500,23.4
2012-02-01,23.78,24.59,23.78,24.495,5900,24.495
2012-02-02,24.56,24.95,24.285,24.88,25100,24.88
2012-02-03,24.77,25.265,24.755,25.005,53400,25.005
2012-02-06,25.3,25.95,24.85,25.24,5400,25.24
2012-02-07,25.34,25.385,24.91,25.05,7200,25.05
2012-02-08,25.325,25.325,25.165,25.09,18300,25.09
2012-02-09,25.365,25.365,24.575,24.645,21500,24.645
2012-02-10,24.5,24.55,24.115,24.285,5400,24.285
2012-02-13,24.1,24.765,24.1,24.71,1700,24.71
2012-02-14,24.81,24.815,24.32,24.405,4000,24.405
2012-02-15,24.1,24.905,24.1,24.695,3400,24.695
2012-02-16,24.39,24.835,24.39,24.795,4100,24.795
2012-02-17,24.835,25.125,24.775,25.08,6800,25.08
2012-02-20,25.24,25.5,25.24,25.37,5400,25.37
2012-02-21,25.375,25.375,25.035,25.16,6700,25.16
2012-02-22,25.16,25.25,24.8,24.815,30500,24.815
2012-02-23,24.775,24.775,24.26,24.255,12000,24.255
2012-02-24,24.27,24.27,23.65,23.8,3300,23.8
2012-02-27,23.63,23.67,23.35,23.665,14500,23.665
2012-02-28,23.82,24.17,23.81,24.085,16300,24.085
2012-02-29,24.285,24.705,24.1,24.54,10800,24.54
2012-03-01,24.585,24.82,24.555,24.655,3600,24.655
2012-03-02,24.5,24.825,24.3,24.7,12900,24.7
2012-03-05,24.375,24.4,24.2,24.045,11800,24.045
2012-03-06,24.0,24.0,23.67,23.785,3000,23.785
2012-03-07,23.785,24.15,23.785,24.02,13700,24.02
2012-03-08,24.365,24.43,23.975,24.025,800,24.025
2012-03-09,23.925,24.11,23.83,23.965,1500,23.965
2012-03-12,23.86,23.87,23.6,23.695,2300,23.695
2012-03-13,24.0,24.225,23.99,24.025,8900,24.025
2012-03-14,24.275,24.62,24.245,24.43,25000,24.43
2012-03-15,24.455,24.665,24.455,24.775,16200,24.775
2012-03-16,24.89,25.07,24.8,25.005,5700,25.005
2012-03-19,25.045,25.08,24.805,24.855,11400,24.855
2012-03-20,24.58,24.58,24.195,24.335,7100,24.335
2012-03-21,24.38,24.515,24.38,24.6,1100,24.6
2012-03-22,24.66,24.66,24.37,24.42,18500,24.42
2012-03-23,24.35,24.35,24.255,24.3,5500,24.3
2012-03-26,24.305,24.8,24.28,24.77,34500,24.77
2012-03-27,24.905,24.915,24.75,24.73,1400,24.73
2012-03-28,24.55,24.655,24.54,24.6,6200,24.6
2012-03-29,24.28,24.545,24.28,24.47,1500,24.47
2012-03-30,24.6,24.735,24.52,24.75,2200,24.75
2012-04-02,24.78,25.19,24.78,25.165,5000,25.165
2012-04-03,25.235,25.34,25.235,25.225,4700,25.225
2012-04-04,25.13,25.13,24.98,24.985,5100,24.985
2012-04-05,24.875,24.985,24.775,25.01,18200,25.01
2012-04-10,24.445,24.735,23.8,23.825,49900,23.825
2012-04-11,23.86,24.31,23.745,24.255,72100,24.255
2012-04-12,24.38,24.685,24.19,24.63,17400,24.63
2012-04-13,24.36,24.675,24.36,24.43,10700,24.43
2012-04-16,25.0,25.0,24.29,24.41,19000,24.41
2012-04-17,24.49,24.675,24.37,24.6,1400,24.6
2012-04-18,24.995,24.995,24.265,24.135,1200,24.135
2012-04-19,24.285,24.285,24.14,24.115,500,24.115
2012-04-20,24.06,24.115,23.995,23.98,3600,23.98
2012-04-23,23.975,23.975,23.5,23.535,4300,23.535
2012-04-24,23.635,23.9,23.635,23.905,2800,23.905
2012-04-25,24.065,24.065,24.065,24.115,100,24.115
2012-04-26,24.215,24.39,24.215,24.405,1500,24.405
2012-04-27,24.535,24.555,24.33,24.375,2700,24.375
2012-04-30,24.335,24.335,24.045,24.08,100,24.08
2012-05-02,24.295,24.325,23.855,23.905,19100,23.905
2012-05-03,24.135,24.155,24.115,24.135,100,24.135
2012-05-04,24.16,24.25,24.035,24.025,1400,24.025
2012-05-07,23.8,24.205,23.795,24.095,2200,24.095
2012-05-08,24.05,24.23,23.94,23.695,400,23.695
2012-05-09,23.79,23.79,23.52,23.79,500,23.79
2012-05-10,23.665,23.99,23.665,23.855,5600,23.855
2012-05-11,23.7,23.95,23.7,24.005,56500,24.005
2012-05-14,23.555,23.555,23.3,23.325,12000,23.325
2012-05-15,23.36,23.385,23.105,23.17,12600,23.17
2012-05-16,23.095,23.495,23.095,23.44,3400,23.44
2012-05-17,23.54,23.56,23.095,23.09,3900,23.09
2012-05-18,22.835,23.125,22.835,22.92,6800,22.92
2012-05-21,23.065,23.135,22.84,22.85,9700,22.85
2012-05-22,23.0,23.23,22.865,23.185,14400,23.185
2012-05-23,22.97,22.97,22.41,22.49,2700,22.49
2012-05-24,22.655,22.825,22.37,22.345,5700,22.345
2012-05-25,22.36,22.545,22.15,22.51,15500,22.51
2012-05-28,22.59,22.635,22.525,22.65,11300,22.65
2012-05-29,22.94,22.97,22.94,23.085,700,23.085
2012-05-30,22.92,22.96,22.9,22.985,12900,22.985
2012-05-31,23.125,23.255,22.655,22.835,19500,22.835
2012-06-01,22.9,22.92,22.745,22.915,13400,22.915
2012-06-04,22.83,23.12,22.83,22.9,9000,22.9
2012-06-05,23.065,23.195,22.91,22.94,8400,22.94
2012-06-06,23.1,23.21,23.1,23.36,6100,23.36
2012-06-07,23.33,23.47,23.33,23.38,10300,23.38
2012-06-08,23.25,24.04,23.25,23.985,7500,23.985
2012-06-11,24.0,24.16,24.0,23.905,12900,23.905
2012-06-12,24.045,24.3,24.01,24.445,1900,24.445
2012-06-13,24.185,24.44,24.185,24.225,24100,24.225
2012-06-14,24.195,24.245,24.195,24.33,600,24.33
2012-06-15,24.3,24.38,24.21,24.285,600,24.285
2012-06-18,24.475,24.475,24.195,24.215,28500,24.215
2012-06-19,24.365,24.77,24.365,24.74,5900,24.74
2012-06-20,25.0,25.15,24.93,24.9,3400,24.9
2012-06-21,24.935,25.5,24.875,25.395,3100,25.395
2012-06-22,25.27,25.56,25.27,25.34,3400,25.34
2012-06-25,25.13,25.35,25.07,25.34,4500,25.34
2012-06-26,25.115,25.5,25.115,25.34,6100,25.34
2012-06-27,25.6,26.05,25.6,25.34,3700,25.34
2012-06-28,25.98,25.98,25.6,25.34,38200,25.34
2012-06-29,25.825,26.21,25.825,25.34,13200,25.34
2012-07-02,26.09,26.22,25.995,25.34,3000,25.34
2012-07-03,26.22,26.795,26.22,25.34,15200,25.34
2012-07-04,26.59,26.695,26.5,25.34,18500,25.34
2012-07-05,26.87,26.87,26.56,25.34,4000,25.34
2012-07-06,26.485,26.86,26.4,25.34,4500,25.34
2012-07-09,26.89,26.9,26.61,25.34,8400,25.34
2012-07-10,26.815,27.2,26.81,25.34,18700,25.34
2012-07-11,27.295,27.385,27.19,25.34,6100,25.34
2012-07-12,27.495,27.495,26.88,25.34,4600,25.34
2012-07-13,26.99,27.195,26.96,27.0948,3400,27.0948
2012-07-16,27.105,27.165,27.05,25.34,1200,25.34
2012-07-17,27.26,27.26,26.955,25.34,6800,25.34
2012-07-18,27.11,27.21,27.105,27.07,1800,27.07
2012-07-19,27.16,27.17,27.045,27.0917,6100,27.0917
2012-07-20,27.01,27.01,26.785,27.0695,5500,27.0695
2012-07-23,26.68,26.68,26.365,26.9325,6800,26.9325
2012-07-24,26.5,26.6,26.415,26.4677,2000,26.4677
2012-07-25,26.6,26.71,26.6,26.6272,2100,26.6272
2012-07-26,27.0,27.55,26.865,26.7982,5400,26.7982
2012-07-27,27.455,27.8,27.45,27.5327,6900,27.5327
2012-07-30,27.945,28.34,27.85,27.802,9800,27.802
2012-07-31,28.45,28.45,27.95,28.3395,17300,28.3395
2012-08-01,28.0,28.12,27.835,28.0285,2000,28.0285
2012-08-02,27.915,28.19,27.645,27.8707,7700,27.8707
2012-08-03,27.9,28.71,27.9,27.794,6700,27.794
2012-08-06,28.7,28.855,28.65,28.6382,5400,28.6382
2012-08-07,28.665,28.665,28.155,28.166,7100,28.166
2012-08-08,28.15,28.25,28.07,28.216,5300,28.216
2012-08-09,28.31,28.475,28.21,28.3255,6300,28.3255
2012-08-10,28.175,28.58,28.05,28.3255,5400,28.3255
2012-08-13,28.56,28.6,28.085,28.1225,6600,28.1225
2012-08-14,28.13,28.195,27.925,28.1225,2000,28.1225
2012-08-16,28.5,28.5,28.25,28.3465,1700,28.3465
2012-08-17,28.405,28.69,28.32,28.3465,2500,28.3465
2012-08-20,28.55,28.725,28.46,28.493,10800,28.493
2012-08-21,28.62,28.62,28.48,28.595,4600,28.595
2012-08-22,28.46,28.58,28.265,28.4655,7200,28.4655
2012-08-23,28.39,28.455,28.21,28.1902,3100,28.1902
2012-08-24,28.14,28.405,28.14,28.1902,3900,28.1902
2012-08-27,28.115,28.24,28.08,28.2212,2000,28.2212
2012-08-28,28.365,28.44,28.19,28.158,2500,28.158
2012-08-29,27.95,28.125,27.92,28.033,2500,28.033
2012-08-30,27.9,27.9,27.65,27.7487,2500,27.7487
2012-08-31,27.905,28.43,27.865,27.7487,35400,27.7487
2012-09-03,28.165,28.495,28.165,28.4545,5900,28.4545
2012-09-04,28.4,28.445,28.265,28.3472,4200,28.3472
2012-09-05,28.295,28.545,28.295,28.4617,3300,28.4617
2012-09-06,28.555,28.765,28.39,28.602,7000,28.602
2012-09-07,28.61,28.77,28.515,28.602,3200,28.602
2012-09-10,28.795,28.795,28.545,28.5987,7500,28.5987
2012-09-11,28.52,28.58,28.45,28.4222,900,28.4222
2012-09-12,28.38,28.455,28.28,28.3177,11300,28.3177
2012-09-13,28.355,28.36,27.89,27.9217,4300,27.9217
2012-09-14,28.2,28.33,27.975,27.9217,16100,27.9217
2012-09-17,27.975,28.055,27.84,27.895,2800,27.895
2012-09-18,27.81,27.885,27.76,27.874,2200,27.874
2012-09-19,27.955,27.955,27.62,27.6062,4200,27.6062
2012-09-20,27.6,27.61,27.49,27.794,1500,27.794
2012-09-21,27.84,28.19,27.84,27.794,800,27.794
2012-09-24,28.04,28.04,28.0,27.9665,4100,27.9665
2012-09-25,28.1,28.405,27.96,28.345,15100,28.345
2012-09-26,28.395,28.46,28.085,28.049,2700,28.049
2012-09-27,28.2,28.28,28.1,28.085,1900,28.085
2012-09-28,28.12,28.14,27.675,28.085,4000,28.085
2012-10-01,27.7,28.15,27.68,28.0655,2000,28.0655
2012-10-02,28.16,28.29,28.045,28.1955,3300,28.1955
2012-10-03,28.365,28.41,27.965,28.0502,4300,28.0502
2012-10-04,27.72,27.905,27.33,27.7912,13100,27.7912
2012-10-05,27.885,28.09,27.885,27.7912,700,27.7912
2012-10-08,27.88,28.045,27.81,27.9335,5800,27.9335
2012-10-09,27.985,28.3,27.885,28.0825,33000,28.0825
2012-10-10,28.2,28.5,28.2,28.4595,4300,28.4595
2012-10-11,28.62,28.98,28.605,28.978,6700,28.978
2012-10-12,29.0,29.065,28.85,28.978,7400,28.978
2012-10-15,28.95,29.06,28.8,29.077,2200,29.077
2012-10-16,29.1,29.27,28.965,29.122,2000,29.122
2012-10-17,29.2,29.22,29.06,29.1857,2000,29.1857
2012-10-18,29.22,29.315,29.185,29.2345,1900,29.2345
2012-10-19,29.35,29.6,29.25,29.2345,3600,29.2345
2012-10-22,29.62,29.7,29.6,29.6015,1600,29.6015
2012-10-23,29.79,29.79,29.45,29.6015,5400,29.6015
2012-10-24,29.205,29.39,29.165,29.261,4700,29.261
2012-10-25,29.49,29.49,29.335,29.3577,3900,29.3577
2012-10-26,29.22,29.505,29.22,29.3577,18000,29.3577
2012-10-29,29.8,30.225,29.13,29.285,1700,29.285
2012-10-30,29.33,29.69,29.31,29.675,2300,29.675
2012-10-31,29.82,30.09,29.82,29.995,3800,29.995
2012-11-01,30.2,30.365,30.2,30.195,3400,30.195
2012-11-02,30.155,30.19,30.0,30.195,14500,30.195
2012-11-05,30.0,31.23,29.91,30.78,10700,30.78
2012-11-06,30.815,30.88,30.47,30.585,6800,30.585
2012-11-07,30.385,30.845,30.23,30.165,10900,30.165
2012-11-08,30.5,30.935,30.23,30.83,7300,30.83
2012-11-09,30.9,30.9,30.42,30.83,15200,30.83
2012-11-12,30.44,30.445,30.055,30.085,37400,30.085
2012-11-13,30.055,30.605,29.935,30.605,24000,30.605
2012-11-14,30.5,30.605,29.91,29.935,3800,29.935
2012-11-15,29.8,30.06,29.465,29.91,9000,29.91
2012-11-16,30.095,30.095,29.645,29.91,9000,29.91
2012-11-19,29.64,29.64,29.335,29.485,12800,29.485
2012-11-20,29.995,29.995,29.36,29.49,10400,29.49
2012-11-21,29.405,29.64,29.11,29.185,2900,29.185
2012-11-22,29.305,29.35,28.975,29.09,15400,29.09
2012-11-23,29.0,29.45,28.93,29.09,4600,29.09
2012-11-26,29.405,29.77,29.36,29.635,11400,29.635
2012-11-27,29.685,29.94,29.645,29.79,9000,29.79
2012-11-28,29.915,30.0,29.8,29.905,3100,29.905
2012-11-29,30.095,30.095,30.005,30.03,6700,30.03
2012-11-30,30.095,30.185,29.965,30.03,5400,30.03
2012-12-03,30.115,30.645,30.115,30.56,4600,30.56
2012-12-04,30.585,31.1,30.555,31.105,20900,31.105
2012-12-05,31.18,31.33,30.9,31.285,19600,31.285
2012-12-06,31.245,31.28,31.04,31.32,20500,31.32
2012-12-07,31.375,31.725,31.22,31.32,8300,31.32
2012-12-10,31.8,31.885,31.47,31.885,7200,31.885
2012-12-11,31.88,32.155,31.8,31.935,14800,31.935
2012-12-12,31.965,32.03,31.76,32.02,7100,32.02
2012-12-13,32.0,32.035,31.56,31.605,9200,31.605
2012-12-14,31.73,31.73,31.33,31.605,3200,31.605
2012-12-17,31.1,31.77,31.1,31.755,7500,31.755
2012-12-18,31.895,31.91,31.505,31.58,6200,31.58
2012-12-19,31.665,31.665,31.2,31.295,8000,31.295
2012-12-20,31.295,31.405,31.09,31.245,2800,31.245
2012-12-21,31.1,31.1,30.865,31.245,2600,31.245
2012-12-27,31.3,31.8,31.3,31.715,14500,31.715
2012-12-28,31.88,31.88,31.755,31.715,2300,31.715
2013-01-02,31.95,32.5,31.85,32.465,9000,32.465
2013-01-03,32.495,33.0,32.495,32.98,11200,32.98
2013-01-04,33.045,33.05,32.735,32.98,11400,32.98
2013-01-07,32.985,33.275,32.98,33.115,17900,33.115
2013-01-08,33.285,33.49,33.01,33.035,15400,33.035
2013-01-09,33.105,33.5,32.925,33.485,16600,33.485
2013-01-10,33.495,33.655,32.955,33.02,12600,33.02
2013-01-11,32.94,33.135,32.715,33.02,22300,33.02
2013-01-14,32.76,33.275,32.76,33.235,10000,33.235
2013-01-15,33.295,33.52,33.25,33.465,15600,33.465
2013-01-16,33.79,34.5,33.565,34.47,25300,34.47
2013-01-17,33.75,34.95,33.75,34.915,24700,34.915
2013-01-18,35.0,35.18,34.6,34.915,23100,34.915
2013-01-21,34.97,35.14,34.81,34.955,31100,34.955
2013-01-22,35.08,35.35,34.5,35.14,28100,35.14
2013-01-23,35.155,35.32,34.985,35.26,12500,35.26
2013-01-24,35.35,35.35,34.935,34.965,9800,34.965
2013-01-25,35.0,35.395,34.05,34.965,28100,34.965
2013-01-28,34.0,34.0,32.435,32.69,34300,32.69
2013-01-29,32.345,33.09,32.23,32.975,23900,32.975
2013-01-30,32.975,33.015,31.35,31.37,32300,31.37
2013-01-31,31.775,32.0,31.345,31.46,20300,31.46
2013-02-01,31.45,32.02,31.35,31.46,13900,31.46
2013-02-04,32.2,32.445,31.825,32.28,21000,32.28
2013-02-05,32.28,32.48,31.855,31.835,15700,31.835
2013-02-06,31.9,32.14,31.8,31.925,9300,31.925
2013-02-07,31.75,31.75,31.085,31.115,2900,31.115
2013-02-08,31.18,31.54,30.9,31.115,14400,31.115
2013-02-11,31.29,31.465,30.855,30.88,27500,30.88
2013-02-12,30.845,31.425,30.845,31.1,19200,31.1
2013-02-13,31.385,31.56,31.05,31.1,5900,31.1
2013-02-14,30.965,31.205,30.685,31.18,4900,31.18
2013-02-15,30.6,31.54,30.6,31.18,21900,31.18
2013-02-18,31.34,31.49,31.215,31.415,27800,31.415
2013-02-19,31.15,31.49,31.15,31.255,19800,31.255
2013-02-20,31.305,31.615,31.23,31.56,7400,31.56
2013-02-21,31.35,31.645,30.92,30.885,10400,30.885
2013-02-22,31.0,31.11,30.315,30.885,14800,30.885
2013-02-25,30.26,30.69,30.245,30.625,4400,30.625
2013-02-26,30.66,31.4,30.55,31.25,27200,31.25
2013-02-27,31.5,31.59,31.06,31.645,22100,31.645
2013-02-28,31.6,31.93,31.6,31.96,5800,31.96
2013-03-01,32.0,32.61,31.885,31.96,31500,31.96
2013-03-04,32.535,32.78,32.4,32.735,14400,32.735
2013-03-05,32.85,33.2,32.785,32.995,10300,32.995
2013-03-06,33.145,33.58,33.09,33.59,6800,33.59
2013-03-07,33.59,33.67,32.94,33.155,5800,33.155
2013-03-08,33.2,34.195,33.18,33.155,12100,33.155
2013-03-11,34.1,34.1,33.82,33.92,15100,33.92
2013-03-12,33.88,34.04,33.775,33.85,10100,33.85
2013-03-13,33.865,33.89,33.56,33.485,6000,33.485
2013-03-14,33.475,33.54,33.235,33.275,43900,33.275
2013-03-15,33.335,33.68,33.335,33.275,23400,33.275
2013-03-18,33.65,33.965,33.6,33.84,3600,33.84
2013-03-19,33.905,34.16,33.24,33.31,4200,33.31
2013-03-20,33.505,33.64,33.265,33.355,4200,33.355
2013-03-21,33.265,33.85,33.265,33.375,13500,33.375
2013-03-22,33.4,33.405,33.07,33.375,12300,33.375
2013-03-25,33.55,33.6,33.465,33.57,9900,33.57
2013-03-26,33.755,34.28,33.72,34.195,8100,34.195
2013-03-27,34.5,34.615,34.13,34.47,13600,34.47
2013-03-28,34.77,35.1,34.71,34.47,11800,34.47
2013-04-02,35.2,35.755,35.17,35.69,20600,35.69
2013-04-03,35.75,35.855,34.815,34.815,12400,34.815
2013-04-04,34.7,34.855,34.03,34.23,9000,34.23
2013-04-05,34.1,34.115,33.385,34.23,39200,34.23
2013-04-08,34.0,34.355,33.495,34.3,8400,34.3
2013-04-09,34.4,34.4,33.955,34.03,7900,34.03
2013-04-10,33.83,34.14,33.74,33.925,1500,33.925
2013-04-11,34.14,34.55,34.105,34.57,2500,34.57
2013-04-12,34.59,34.815,34.56,34.57,8500,34.57
2013-04-15,34.995,35.14,34.53,34.95,10400,34.95
2013-04-16,35.0,35.14,34.55,34.58,14100,34.58
2013-04-17,34.47,34.635,34.4,34.59,13100,34.59
2013-04-18,34.59,34.8,34.5,33.99,800,33.99
2013-04-19,34.61,34.61,33.66,33.99,5600,33.99
2013-04-22,34.05,34.435,34.05,34.435,2200,34.435
2013-04-23,34.975,34.975,34.41,34.845,16600,34.845
2013-04-24,34.53,34.7,34.385,34.625,5500,34.625
2013-04-25,34.51,34.705,34.485,34.655,4700,34.655
2013-04-26,34.485,34.77,34.4,34.655,7800,34.655
2013-04-29,34.705,34.73,34.38,34.575,2400,34.575
2013-04-30,34.79,35.06,34.65,34.575,11700,34.575
2013-05-02,35.07,36.56,35.07,36.57,26200,36.57
2013-05-03,36.315,36.765,36.035,36.57,18500,36.57
2013-05-06,36.31,36.75,36.235,36.705,14300,36.705
2013-05-07,36.935,36.94,36.325,36.57,15100,36.57
2013-05-08,36.945,37.2,36.465,37.05,15600,37.05
2013-05-09,37.265,37.36,36.7,36.84,7500,36.84
2013-05-10,36.615,36.84,36.5,36.84,12400,36.84
2013-05-13,36.44,36.9,36.44,36.635,13300,36.635
2013-05-14,36.86,37.535,36.86,37.53,9600,37.53
2013-05-15,37.635,38.075,37.58,37.965,12800,37.965
2013-05-16,37.95,37.95,37.51,37.6,12800,37.6
2013-05-17,37.88,37.97,37.41,37.6,45100,37.6
2013-05-20,37.73,37.73,36.5,36.63,34900,36.63
2013-05-21,36.81,37.03,36.435,36.785,16400,36.785
2013-05-22,37.06,37.885,36.96,37.725,33100,37.725
2013-05-23,37.21,37.21,36.56,36.97,24700,36.97
2013-05-24,36.905,37.23,36.495,36.67,31200,36.67
2013-05-27,36.4,36.54,36.4,36.515,2900,36.515
2013-05-28,36.7,36.7,35.95,36.02,18600,36.02
2013-05-29,35.6,35.605,34.52,34.57,23700,34.57
2013-05-30,34.505,34.885,34.17,34.24,17200,34.24
2013-05-31,34.32,34.32,33.2,34.16,14900,34.16
2013-06-03,33.2,33.2,30.07,30.23,41400,30.23
2013-06-04,31.6,31.815,31.16,31.46,44200,31.46
2013-06-05,31.25,31.46,30.0,30.875,19300,30.875
2013-06-06,30.69,30.825,28.03,28.785,35000,28.785
2013-06-07,28.8,30.185,28.73,30.08,66200,30.08
2013-06-10,29.55,29.79,29.095,29.33,36100,29.33
2013-06-11,29.685,29.685,28.405,28.76,24400,28.76
2013-06-12,28.995,29.595,28.79,29.33,22300,29.33
2013-06-13,29.52,30.045,29.505,29.575,26600,29.575
2013-06-14,30.375,31.15,30.375,30.8,29300,30.8
2013-06-17,31.55,31.55,30.32,30.435,23100,30.435
2013-06-18,31.075,31.075,29.55,29.58,25000,29.58
2013-06-19,30.0,30.07,29.45,29.91,5300,29.91
2013-06-20,29.45,29.45,27.49,27.52,44600,27.52
2013-06-21,27.25,27.69,27.25,27.52,3600,27.52
2013-06-24,27.55,27.685,26.3,26.41,16000,26.41
2013-06-25,27.055,27.71,26.715,26.915,12600,26.915
2013-06-26,27.405,28.165,27.325,28.125,41900,28.125
2013-06-27,28.55,29.12,28.445,28.965,8400,28.965
2013-06-28,29.2,29.5,28.17,29.055,26000,29.055
2013-07-01,29.275,29.39,28.935,29.245,25200,29.245
2013-07-02,28.525,29.35,28.52,29.17,18500,29.17
2013-07-03,29.0,29.11,27.7,28.065,29800,28.065
2013-07-04,27.9,29.07,27.75,28.96,19400,28.96
2013-07-05,28.695,29.065,27.71,27.795,12700,27.795
2013-07-08,27.785,27.94,27.33,27.305,18600,27.305
2013-07-09,27.885,27.975,27.7,27.775,17300,27.775
2013-07-10,28.215,28.215,27.02,27.19,14600,27.19
2013-07-11,27.435,27.515,26.8,27.09,3300,27.09
2013-07-12,26.95,27.8,26.945,27.715,15000,27.715
2013-07-15,28.085,28.98,28.055,28.84,9700,28.84
2013-07-16,28.89,29.01,28.665,28.78,7700,28.78
2013-07-17,28.81,29.555,28.525,29.415,5200,29.415
2013-07-18,29.505,29.62,29.2,29.47,12400,29.47
2013-07-19,29.115,29.14,28.94,29.025,1800,29.025
2013-07-22,29.0,29.0,28.67,28.8,2900,28.8
2013-07-23,29.48,29.605,28.505,28.655,10600,28.655
2013-07-24,28.645,28.645,28.0,28.0,4600,28.0
2013-07-25,27.66,27.775,27.245,27.64,12900,27.64
2013-07-26,27.45,27.54,27.17,27.185,4400,27.185
2013-07-29,27.265,27.505,27.005,27.4,13500,27.4
2013-07-30,27.71,28.015,27.71,27.985,1400,27.985
2013-07-31,27.945,27.945,27.15,27.1,25900,27.1
2013-08-01,27.62,27.765,27.29,27.29,22000,27.29
2013-08-02,27.35,27.765,27.17,27.755,7500,27.755
2013-08-05,27.75,28.03,27.615,27.7,18900,27.7
2013-08-06,27.695,27.77,27.58,27.61,4600,27.61
2013-08-07,27.56,27.59,27.275,27.26,11400,27.26
2013-08-08,27.14,27.43,27.1,27.19,6500,27.19
2013-08-09,27.54,27.8,27.37,27.765,12200,27.765
2013-08-12,27.675,28.37,27.625,28.355,9400,28.355
2013-08-13,28.405,28.405,28.14,28.185,5000,28.185
2013-08-14,28.16,28.385,28.16,28.3,700,28.3
2013-08-16,27.415,27.55,27.275,27.44,1100,27.44
2013-08-19,27.25,27.255,26.485,26.56,17700,26.56
2013-08-20,26.4,26.45,26.315,26.395,1900,26.395
2013-08-21,26.15,26.15,25.35,25.34,8400,25.34
2013-08-22,25.035,25.035,24.395,24.465,15000,24.465
2013-08-23,24.64,24.82,24.3,24.53,22800,24.53
2013-08-26,24.61,24.925,24.21,24.845,14400,24.845
2013-08-27,24.61,24.61,23.115,23.17,47800,23.17
2013-08-28,22.8,23.355,22.485,23.25,20300,23.25
2013-08-29,23.76,24.095,23.535,23.88,20800,23.88
2013-08-30,23.71,23.88,23.5,23.53,5300,23.53
2013-09-02,24.5,24.8,24.46,24.71,15900,24.71
2013-09-03,24.895,24.895,23.8,23.765,22300,23.765
2013-09-04,24.095,24.1,23.75,23.785,14200,23.785
2013-09-05,23.7,23.73,23.25,23.595,5600,23.595
2013-09-06,23.88,24.36,23.75,24.145,8200,24.145
2013-09-09,24.34,25.145,24.34,25.13,15300,25.13
2013-09-10,25.3,26.01,25.3,25.965,8900,25.965
2013-09-11,25.825,26.235,25.81,25.84,3900,25.84
2013-09-12,26.29,26.505,25.615,26.14,28500,26.14
2013-09-13,26.14,26.145,25.6,25.66,15100,25.66
2013-09-16,26.48,27.08,26.48,27.035,5900,27.035
2013-09-17,26.835,27.02,26.635,26.975,36200,26.975
2013-09-18,26.91,27.16,26.905,27.035,21500,27.035
2013-09-19,27.215,29.5,27.215,29.07,32800,29.07
2013-09-20,29.1,29.1,28.14,28.245,7600,28.245
2013-09-23,28.145,28.145,27.65,27.645,17600,27.645
2013-09-24,27.735,27.87,27.33,27.48,14400,27.48
2013-09-25,27.38,27.475,27.09,27.25,24500,27.25
2013-09-26,27.0,27.0,26.79,26.66,12800,26.66
2013-09-27,26.65,26.65,26.19,26.21,8200,26.21
2013-09-30,25.955,26.225,25.8,26.23,13600,26.23
2013-10-01,26.58,27.27,26.58,27.175,4900,27.175
2013-10-02,27.15,27.15,26.475,26.76,32000,26.76
2013-10-03,26.82,27.02,26.82,26.88,1300,26.88
2013-10-04,27.255,27.355,26.94,27.225,2900,27.225
2013-10-07,27.095,27.095,26.72,27.0,8900,27.0
2013-10-08,27.1,27.1,26.65,26.58,5700,26.58
2013-10-09,26.535,26.65,26.36,26.44,19100,26.44
2013-10-10,27.045,27.275,26.95,27.235,20300,27.235
2013-10-11,27.475,27.475,27.15,27.17,8100,27.17
2013-10-14,27.08,27.305,27.07,27.33,5000,27.33
2013-10-15,27.73,28.03,27.525,27.945,6500,27.945
2013-10-16,27.505,27.9,27.44,27.83,12900,27.83
2013-10-17,27.75,27.75,27.305,27.435,4100,27.435
2013-10-18,27.62,27.935,27.59,27.865,3400,27.865
2013-10-21,27.625,28.085,27.625,27.985,11600,27.985
2013-10-22,27.94,28.3,27.88,28.14,37000,28.14
2013-10-23,28.0,28.0,27.62,27.635,1400,27.635
2013-10-24,27.685,27.84,27.5,27.495,2800,27.495
2013-10-25,27.29,27.625,27.29,27.565,400,27.565
2013-10-28,27.765,27.8,27.595,27.78,17700,27.78
2013-10-29,27.82,27.945,27.77,27.87,3200,27.87
2013-10-30,27.945,28.0,27.59,27.575,3200,27.575
2013-10-31,27.275,27.515,27.18,27.195,23700,27.195
2013-11-01,27.03,27.03,26.62,26.635,2600,26.635
2013-11-04,26.61,26.87,26.58,26.595,12900,26.595
2013-11-05,26.58,26.65,25.9,25.92,5000,25.92
2013-11-06,26.0,26.17,25.9,26.065,4800,26.065
2013-11-07,26.16,26.895,26.16,26.325,25400,26.325
2013-11-08,26.15,26.305,25.51,25.665,2200,25.665
2013-11-11,25.7,25.7,24.94,24.95,5600,24.95
2013-11-12,25.0,25.0,24.475,24.665,2400,24.665
2013-11-13,24.505,24.94,24.49,25.0,11900,25.0
2013-11-14,25.4,25.785,25.4,25.795,3400,25.795
2013-11-15,25.83,26.06,25.8,26.03,28600,26.03
2013-11-18,26.09,26.32,26.015,26.25,2200,26.25
2013-11-19,26.22,26.265,26.115,26.06,17700,26.06
2013-11-20,25.95,26.53,25.82,26.405,3500,26.405
2013-11-21,26.1,26.26,26.0,26.145,7300,26.145
2013-11-22,26.23,26.43,26.055,26.42,1800,26.42
2013-11-25,26.78,27.02,26.78,26.76,6800,26.76
2013-11-26,26.75,26.75,26.115,26.245,900,26.245
2013-11-27,26.15,26.15,25.83,25.915,5300,25.915
2013-11-28,25.86,26.0,25.7,25.74,3300,25.74
2013-11-29,25.815,26.2,25.695,26.12,2600,26.12
2013-12-02,26.125,26.215,25.695,25.64,1600,25.64
2013-12-03,25.685,25.685,24.85,24.86,21800,24.86
2013-12-04,24.78,25.08,24.61,25.005,2700,25.005
2013-12-05,24.75,24.835,24.5,24.505,1800,24.505
2013-12-06,24.49,25.185,24.0,25.305,4100,25.305
2013-12-09,25.475,25.475,25.115,25.25,1800,25.25
2013-12-10,25.665,25.665,25.005,25.18,1300,25.18
2013-12-11,25.2,25.35,24.77,24.7,1900,24.7
2013-12-12,24.675,24.75,24.595,24.675,1600,24.675
2013-12-13,24.75,24.99,24.75,25.03,300,25.03
2013-12-16,24.99,25.475,24.985,25.475,19600,25.475
2013-12-17,25.2,25.2,23.97,24.0,25800,24.0
2013-12-18,23.6,24.21,23.22,24.27,26400,24.27
2013-12-19,23.895,24.37,23.22,23.455,48900,23.455
2013-12-20,23.3,23.43,23.12,23.29,11600,23.29
2013-12-23,23.09,23.295,22.565,22.71,210600,22.71
2013-12-27,22.5,22.5,19.665,20.775,117100,20.775
2013-12-30,21.15,22.36,21.15,22.27,32900,22.27
2014-01-02,21.815,21.815,21.245,21.63,24000,21.63
2014-01-03,21.74,21.9,21.155,21.23,14700,21.23
2014-01-06,21.355,22.01,21.15,21.96,13800,21.96
2014-01-07,21.88,22.455,21.87,22.385,28600,22.385
2014-01-08,22.385,22.385,21.63,21.665,49300,21.665
2014-01-09,21.5,21.5,21.25,21.335,18000,21.335
2014-01-10,21.545,21.98,21.45,21.84,15400,21.84
2014-01-13,22.09,22.155,21.7,21.765,10800,21.765
2014-01-14,21.765,21.8,21.275,21.75,9900,21.75
2014-01-15,21.835,22.015,21.63,21.93,110200,21.93
2014-01-16,21.405,21.55,21.115,21.185,37900,21.185
2014-01-17,21.245,21.335,20.915,20.98,33700,20.98
2014-01-20,20.75,20.9,20.465,20.785,33700,20.785
2014-01-21,21.025,21.205,20.605,20.675,58900,20.675
2014-01-22,21.2,21.28,20.865,21.04,7400,21.04
2014-01-23,20.99,20.99,19.89,19.93,71100,19.93
2014-01-24,19.965,20.08,18.95,19.195,68300,19.195
2014-01-27,19.235,19.75,18.6,19.775,38800,19.775
2014-01-28,20.0,20.24,19.535,19.71,14400,19.71
2014-01-29,19.81,20.87,18.655,19.53,49900,19.53
2014-01-30,19.48,19.65,18.6,19.565,44900,19.565
2014-01-31,19.875,19.875,19.01,19.535,9100,19.535
2014-02-03,19.43,19.52,19.135,19.15,6500,19.15
2014-02-04,19.15,19.86,19.15,19.855,27400,19.855
2014-02-05,19.75,20.06,19.67,19.675,91100,19.675
2014-02-06,19.675,20.585,19.675,20.52,56200,20.52
2014-02-07,20.45,20.79,20.3,20.52,47200,20.52
2014-02-10,20.3,20.33,20.08,20.195,51400,20.195
2014-02-11,20.325,20.62,20.325,20.565,27100,20.565
2014-02-12,20.8,21.0,20.74,20.77,30900,20.77
2014-02-13,20.5,20.5,20.22,20.395,7000,20.395
2014-02-14,20.45,20.93,20.45,20.84,8700,20.84
2014-02-17,21.0,21.12,20.89,21.04,17100,21.04
2014-02-18,20.995,20.995,20.33,20.44,54000,20.44
2014-02-19,20.17,20.255,19.9,20.01,23600,20.01
2014-02-20,19.72,20.125,19.705,20.185,4300,20.185
2014-02-21,20.165,20.375,20.115,20.325,36800,20.325
2014-02-24,20.75,21.2,20.16,20.525,5000,20.525
2014-02-25,20.0,20.01,19.44,19.645,91100,19.645
2014-02-26,19.69,19.71,19.245,19.415,22900,19.415
2014-02-27,19.44,19.48,19.11,19.59,6600,19.59
2014-02-28,19.44,19.74,19.44,19.625,3800,19.625
2014-03-03,19.3,19.7,18.6,19.015,21200,19.015
2014-03-04,19.485,19.89,19.485,19.845,114900,19.845
2014-03-05,19.9,20.24,19.9,19.985,17600,19.985
2014-03-06,20.145,20.36,20.065,20.32,7800,20.32
2014-03-07,20.2,20.21,19.615,19.73,8100,19.73
2014-03-10,19.575,19.685,19.405,19.545,44800,19.545
2014-03-11,19.695,19.7,19.39,19.35,8900,19.35
2014-03-12,19.3,19.55,19.09,19.475,8100,19.475
2014-03-13,19.745,19.8,19.475,19.475,11500,19.475
2014-03-14,19.45,19.68,19.425,19.635,6300,19.635
2014-03-17,19.88,20.005,19.815,19.97,6400,19.97
2014-03-18,19.89,20.56,19.89,20.45,25000,20.45
2014-03-19,20.54,20.545,20.305,20.475,16800,20.475
2014-03-20,20.355,20.59,20.3,20.51,8600,20.51
2014-03-21,20.595,20.68,20.07,20.23,10900,20.23
2014-03-24,20.175,20.175,19.82,19.82,11400,19.82
2014-03-25,19.885,20.44,19.885,20.4,3800,20.4
2014-03-26,20.475,21.7,20.475,21.66,39300,21.66
2014-03-27,21.55,21.93,21.455,21.59,14300,21.59
2014-03-28,21.72,22.3,21.72,22.22,18800,22.22
2014-03-31,22.4,23.0,22.4,22.845,50300,22.845
2014-04-01,23.0,23.345,22.86,23.325,15400,23.325
2014-04-02,23.305,23.8,23.12,23.47,13900,23.47
2014-04-03,23.54,23.9,23.48,23.65,72600,23.65
2014-04-04,23.65,24.535,23.645,24.39,52600,24.39
2014-04-07,24.43,24.43,24.1,24.26,16700,24.26
2014-04-08,24.54,25.0,24.535,24.965,34300,24.965
2014-04-09,24.82,24.85,24.145,24.185,25900,24.185
2014-04-10,24.34,24.64,24.34,24.36,5100,24.36
2014-04-11,23.975,24.275,23.82,24.155,21600,24.155
2014-04-14,23.94,24.555,23.94,24.53,5500,24.53
2014-04-15,24.5,24.7,23.61,23.66,4000,23.66
2014-04-16,23.61,23.83,23.61,23.82,2600,23.82
2014-04-17,23.86,24.23,23.825,24.275,2400,24.275
2014-04-22,24.015,24.065,23.905,23.985,2100,23.985
2014-04-23,23.935,23.935,23.395,23.565,3800,23.565
2014-04-24,23.805,23.99,23.6,23.69,25400,23.69
2014-04-25,23.565,23.565,23.23,23.225,2900,23.225
2014-04-28,23.2,23.73,23.18,23.735,16500,23.735
2014-04-29,23.95,24.05,23.805,23.875,4100,23.875
2014-04-30,23.955,24.4,23.935,24.295,5400,24.295
2014-05-02,24.48,25.1,24.475,24.915,19600,24.915
2014-05-05,24.91,24.91,24.73,24.87,5900,24.87
2014-05-06,25.015,25.025,24.865,24.97,9300,24.97
2014-05-07,24.905,25.005,24.86,24.99,3300,24.99
2014-05-08,25.1,25.64,25.1,25.515,37300,25.515
2014-05-09,25.505,25.52,25.41,25.47,22400,25.47
2014-05-12,25.725,25.925,25.54,25.69,7300,25.69
2014-05-13,25.9,25.95,25.735,25.935,8500,25.935
2014-05-14,26.0,26.145,25.74,25.995,54400,25.995
2014-05-15,26.15,26.275,25.25,25.215,69900,25.215
2014-05-16,25.15,25.39,25.06,25.375,6700,25.375
2014-05-19,25.24,25.505,24.78,25.45,3800,25.45
2014-05-20,25.38,25.395,25.025,25.255,6300,25.255
2014-05-21,25.175,25.83,25.085,25.775,6600,25.775
2014-05-22,26.05,26.625,25.84,26.565,11100,26.565
2014-05-23,26.635,26.745,26.5,26.725,3600,26.725
2014-05-26,26.74,26.9,26.74,26.9,4100,26.9
2014-05-27,26.995,27.2,26.245,26.265,6200,26.265
2014-05-28,26.23,26.85,26.23,26.58,3900,26.58
2014-05-29,26.79,27.295,26.79,27.19,10500,27.19
2014-05-30,26.735,27.375,26.735,27.055,5400,27.055
2014-06-02,27.11,27.165,26.79,26.865,4700,26.865
2014-06-03,27.15,27.18,26.52,26.705,63400,26.705
2014-06-04,26.545,26.775,26.39,26.46,15700,26.46
2014-06-05,26.7,27.57,26.67,27.39,35300,27.39
2014-06-06,27.36,27.74,27.36,27.74,4600,27.74
2014-06-09,27.8,28.025,27.73,27.86,8300,27.86
2014-06-10,28.065,28.355,27.73,28.345,9400,28.345
2014-06-11,28.285,28.36,27.02,27.23,25900,27.23
2014-06-12,27.0,27.465,26.915,27.4,25500,27.4
2014-06-13,27.115,27.115,26.72,26.94,7600,26.94
2014-06-16,26.57,26.615,25.9,25.975,14100,25.975
2014-06-17,26.42,26.54,26.075,26.1,12200,26.1
2014-06-18,26.085,26.25,26.03,26.165,3700,26.165
2014-06-19,26.585,26.65,26.53,26.53,2200,26.53
2014-06-20,26.48,26.48,26.115,26.28,4300,26.28
2014-06-23,26.325,26.6,26.215,26.65,6600,26.65
2014-06-24,26.76,26.86,26.485,26.61,10200,26.61
2014-06-25,26.27,26.525,26.105,26.53,5400,26.53
2014-06-26,26.835,26.835,26.245,26.28,200,26.28
2014-06-27,26.01,26.535,26.01,26.42,4800,26.42
2014-06-30,26.54,26.675,26.31,26.39,13500,26.39
2014-07-02,25.52,25.675,25.39,25.74,12600,25.74
2014-07-03,25.585,26.09,25.5,26.06,1800,26.06
2014-07-04,26.0,26.08,26.0,25.975,400,25.975
2014-07-07,26.025,26.6,26.0,26.555,8700,26.555
2014-07-08,26.79,26.86,26.63,26.69,2300,26.69
2014-07-09,26.915,26.915,26.745,26.77,6200,26.77
2014-07-10,26.82,26.82,26.42,26.51,14400,26.51
2014-07-11,26.58,26.7,26.58,26.72,700,26.72
2014-07-14,26.845,27.3,26.83,27.285,1600,27.285
2014-07-15,27.15,27.5,27.15,27.3,2500,27.3
2014-07-16,27.5,27.985,27.5,27.955,2700,27.955
2014-07-17,27.855,27.95,27.58,27.69,14800,27.69
2014-07-18,27.66,28.085,27.455,28.025,12000,28.025
2014-07-21,28.5,28.65,27.745,27.83,6000,27.83
2014-07-22,28.0,28.4,28.0,28.31,8100,28.31
2014-07-23,28.485,28.78,28.485,28.68,2700,28.68
2014-07-24,28.7,29.13,28.7,29.035,9400,29.035
2014-07-25,29.055,29.3,28.875,29.17,6000,29.17
2014-07-28,29.17,29.18,28.995,29.07,5600,29.07
2014-07-29,29.1,29.28,29.055,29.14,3200,29.14
2014-07-30,29.155,29.155,28.405,28.42,4300,28.42
2014-07-31,28.785,28.85,27.86,27.925,6400,27.925
2014-08-04,28.135,28.135,27.83,27.83,3500,27.83
2014-08-05,27.425,28.285,27.375,27.43,800,27.43
2014-08-06,27.05,27.18,26.585,26.855,4600,26.855
2014-08-07,26.825,26.88,26.51,26.58,7900,26.58
2014-08-08,26.3,26.835,25.955,26.745,5700,26.745
2014-08-11,27.19,27.19,26.125,26.1,1200,26.1
2014-08-12,26.1,26.315,25.9,26.23,16400,26.23
2014-08-13,26.275,26.365,25.955,26.275,4200,26.275
2014-08-14,26.275,26.705,26.15,26.365,2400,26.365
2014-08-18,25.89,26.2,25.765,26.14,2800,26.14
2014-08-19,26.33,26.9,26.31,26.78,2500,26.78
2014-08-20,26.895,26.895,26.36,26.635,2500,26.635
2014-08-21,26.705,26.84,26.6,26.705,900,26.705
2014-08-22,26.77,26.77,26.44,26.605,1500,26.605
2014-08-25,26.87,26.9,26.87,26.975,100,26.975
2014-08-26,27.05,27.56,27.05,27.56,3500,27.56
2014-08-27,27.7,27.8,27.54,27.655,105500,27.655
2014-08-28,27.51,27.65,27.27,27.645,6500,27.645
2014-08-29,27.87,27.985,27.5,27.51,1600,27.51
2014-09-01,27.585,27.795,27.575,27.745,1000,27.745
2014-09-02,27.815,27.825,27.42,27.395,2700,27.395
2014-09-03,27.055,28.045,27.055,27.785,2900,27.785
2014-09-04,27.88,28.555,27.705,28.52,5500,28.52
2014-09-08,28.75,28.75,28.35,28.425,2300,28.425
2014-09-09,28.24,28.24,27.3,27.485,8200,27.485
2014-09-10,27.2,27.235,26.77,27.185,5000,27.185
2014-09-11,27.28,27.335,26.785,26.88,2100,26.88
2014-09-12,26.785,26.785,26.22,26.21,3000,26.21
2014-09-15,26.21,26.475,26.2,26.14,3000,26.14
2014-09-16,26.0,26.595,25.985,26.55,2900,26.55
2014-09-17,26.8,26.83,26.59,26.665,1000,26.665
2014-09-18,26.45,26.45,25.94,26.09,6500,26.09
2014-09-19,26.3,26.4,25.72,25.795,14300,25.795
2014-09-22,25.71,26.015,25.62,25.865,6400,25.865
2014-09-23,26.085,26.085,25.64,25.64,25500,25.64
2014-09-24,25.895,25.96,25.345,25.455,1300,25.455
2014-09-25,25.155,25.5,24.93,24.99,1800,24.99
2014-09-26,25.0,25.2,24.6,25.175,3600,25.175
2014-09-29,24.96,25.185,24.73,25.105,2800,25.105
2014-09-30,25.055,25.275,25.005,25.215,20600,25.215
2014-10-02,24.27,25.025,24.27,24.725,11000,24.725
2014-10-03,25.115,25.115,24.83,24.77,31600,24.77
2014-10-06,25.065,25.65,25.065,25.42,1900,25.42
2014-10-07,25.445,25.445,24.97,25.065,3300,25.065
2014-10-08,24.975,24.975,24.14,24.295,2100,24.295
2014-10-09,24.94,25.305,24.94,25.24,56900,25.24
2014-10-10,24.645,24.765,24.535,24.575,18000,24.575
2014-10-13,24.65,25.155,24.65,25.195,8200,25.195
2014-10-14,25.0,25.03,24.7,25.11,2400,25.11
2014-10-15,25.225,25.4,24.84,24.92,2900,24.92
2014-10-16,24.97,25.105,24.435,24.965,4800,24.965
2014-10-17,25.235,25.5,25.235,25.495,4500,25.495
2014-10-20,25.81,25.81,25.45,25.635,6900,25.635
2014-10-21,25.65,26.29,25.62,26.24,5400,26.24
2014-10-22,26.3,26.37,26.2,26.43,1800,26.43
2014-10-23,26.42,27.2,26.42,27.175,6600,27.175
2014-10-24,27.13,27.13,26.885,27.135,3100,27.135
2014-10-27,26.94,26.94,26.715,26.93,600,26.93
2014-10-28,27.05,27.6,27.045,27.62,15500,27.62
2014-10-29,27.72,28.18,27.22,28.05,8300,28.05
2014-10-30,27.585,27.585,27.23,27.59,3100,27.59
2014-10-31,28.1,28.235,27.575,27.575,4000,27.575
2014-11-03,27.78,27.78,27.36,27.31,8200,27.31
2014-11-04,27.58,27.755,27.495,27.38,2700,27.38
2014-11-05,27.23,27.705,26.95,27.01,1500,27.01
2014-11-06,26.885,26.945,26.55,26.63,3800,26.63
2014-11-07,26.32,26.435,26.21,26.575,1100,26.575
2014-11-10,26.7,26.73,26.465,26.585,400,26.585
2014-11-11,26.61,26.675,26.52,26.695,1100,26.695
2014-11-12,26.965,27.35,26.965,27.35,5200,27.35
2014-11-14,27.76,27.955,27.69,27.91,13500,27.91
2014-11-17,28.0,28.085,27.85,27.81,5700,27.81
2014-11-20,27.98,28.47,27.98,28.525,4800,28.525
2014-11-21,28.595,29.185,28.42,29.035,17800,29.035
2014-11-24,28.885,28.965,28.78,28.845,15100,28.845
2014-11-25,28.895,29.05,28.71,28.855,5400,28.855
2014-11-26,29.035,29.32,28.915,29.28,5600,29.28
2014-11-27,29.25,29.58,29.155,29.59,1600,29.59
2014-11-28,29.65,30.31,29.18,29.995,7700,29.995
2014-12-01,30.295,30.295,29.66,29.935,30600,29.935
2014-12-02,29.95,29.95,29.415,29.465,2100,29.465
2014-12-03,29.475,29.66,29.385,29.69,1600,29.69
2014-12-04,29.785,30.0,29.57,29.87,8700,29.87
2014-12-05,29.935,30.1,29.395,29.49,2600,29.49
2014-12-08,29.18,29.265,29.07,29.14,700,29.14
2014-12-09,29.0,29.11,28.5,28.46,3200,28.46
2014-12-10,28.665,28.74,28.55,28.53,6200,28.53
2014-12-11,28.2,29.06,28.2,28.775,36500,28.775
2014-12-12,28.56,28.56,27.64,27.73,2400,27.73
2014-12-15,27.72,28.115,26.83,26.595,7900,26.595
2014-12-16,27.0,27.105,25.5,25.855,1900,25.855
2014-12-18,27.475,27.96,27.355,27.89,1200,27.89
2014-12-19,27.98,28.09,27.96,28.34,400,28.34
2014-12-22,28.165,28.735,28.165,28.84,11400,28.84
2014-12-23,28.84,28.84,28.84,28.7,0,28.7
2014-12-29,28.49,28.885,28.35,28.59,1400,28.59
2014-12-30,28.505,28.75,28.36,28.58,1600,28.58
2015-01-02,28.9,29.01,28.575,28.975,2100,28.975
2015-01-05,29.5,29.95,29.48,29.605,6900,29.605
2015-01-06,29.335,30.095,29.335,29.875,14600,29.875
2015-01-07,29.96,30.385,29.95,30.14,5400,30.14
2015-01-08,30.5,31.0,30.07,30.97,6100,30.97
2015-01-09,30.865,31.2,30.695,30.735,6100,30.735
2015-01-12,30.83,31.455,30.82,31.125,8600,31.125
2015-01-13,31.495,31.495,31.035,31.36,3600,31.36
2015-01-14,31.0,31.195,30.76,31.065,1700,31.065
2015-01-15,31.395,31.85,31.13,31.415,8800,31.415
2015-01-16,30.985,31.19,30.945,31.26,1300,31.26
2015-01-21,31.935,32.34,31.7,32.22,5900,32.22
2015-01-22,31.905,33.32,31.675,33.13,4700,33.13
2015-01-23,33.09,33.59,32.98,33.06,8900,33.06
2015-01-26,32.285,33.35,32.28,33.19,5000,33.19
2015-01-27,33.25,33.495,31.89,32.44,5500,32.44
2015-01-28,32.7,32.7,32.04,32.1,4300,32.1
2015-01-30,30.96,30.96,30.48,30.6,54700,30.6
2015-02-02,30.85,31.485,30.72,31.16,2200,31.16
2015-02-03,31.055,31.265,30.385,30.475,1900,30.475
2015-02-04,30.205,30.21,29.415,29.365,2600,29.365
2015-02-05,29.31,29.38,29.0,29.19,3500,29.19
2015-02-06,29.3,29.45,28.77,28.92,1400,28.92
2015-02-09,28.16,28.745,28.02,28.66,15600,28.66
2015-02-10,28.8,28.8,27.73,27.975,3900,27.975
2015-02-11,28.075,28.455,27.97,28.035,4600,28.035
2015-02-12,28.29,29.285,28.29,29.27,7300,29.27
2015-02-13,29.11,29.155,28.83,29.15,1900,29.15
2015-02-16,29.24,29.375,29.155,29.335,1800,29.335
2015-02-17,29.175,29.565,28.87,28.81,1300,28.81
2015-02-18,28.69,29.07,28.5,29.075,25500,29.075
2015-02-19,29.45,29.555,29.18,29.535,3100,29.535
2015-02-20,29.5,29.5,29.09,29.21,1700,29.21
2015-02-23,28.935,29.245,28.72,29.19,1700,29.19
2015-02-24,29.18,29.48,29.1,29.505,2600,29.505
2015-02-25,29.785,29.785,29.105,29.315,2600,29.315
2015-02-26,28.97,29.585,28.765,29.21,500,29.21
2015-02-27,28.74,29.09,28.115,28.525,8400,28.525
2015-03-02,28.52,28.56,28.1,28.3,2800,28.3
2015-03-03,28.515,28.54,28.03,28.1,3700,28.1
2015-03-04,28.05,28.05,27.18,27.18,5100,27.18
2015-03-05,27.35,27.35,26.3,26.27,45700,26.27
2015-03-06,26.625,27.48,26.28,26.34,11000,26.34
2015-03-09,26.33,27.285,26.3,26.945,6900,26.945
2015-03-10,27.275,27.275,26.1,26.16,9100,26.16
2015-03-11,26.69,26.79,26.12,26.775,3400,26.775
2015-03-12,27.185,27.225,26.69,26.78,4300,26.78
2015-03-13,26.93,26.93,25.84,26.23,3800,26.23
2015-03-16,26.27,26.855,26.27,26.665,2400,26.665
2015-03-17,26.795,27.54,26.795,27.44,5200,27.44
2015-03-18,27.77,27.77,26.945,27.23,1200,27.23
2015-03-19,27.77,28.1,27.695,27.86,8500,27.86
2015-03-20,27.93,28.2,27.825,28.23,2500,28.23
2015-03-24,28.0,28.39,27.74,27.84,3000,27.84
2015-03-25,27.75,28.15,27.4,27.7,1700,27.7
2015-03-26,27.0,27.52,26.565,27.55,15600,27.55
2015-03-27,27.13,27.34,26.77,26.955,3500,26.955
2015-03-30,27.155,27.535,27.155,27.715,800,27.715
2015-03-31,27.46,27.51,27.385,27.58,3600,27.58
2015-04-02,27.685,27.685,27.5,27.67,2800,27.67
2015-04-07,27.78,28.26,27.78,28.095,2500,28.095
2015-04-08,28.145,28.24,28.1,28.315,1400,28.315
2015-04-09,28.345,28.7,28.345,28.555,4100,28.555
2015-04-10,28.7,28.7,28.285,28.455,4200,28.455
2015-04-14,27.535,27.68,27.25,27.605,7300,27.605
2015-04-15,27.28,27.485,26.765,26.855,5700,26.855
2015-04-16,27.18,27.26,27.07,27.15,1000,27.15
2015-04-17,26.9,27.785,26.9,27.115,4700,27.115
2015-04-20,26.84,27.225,26.84,27.015,1500,27.015
2015-04-21,27.2,27.98,27.2,27.845,7300,27.845
2015-04-22,27.88,27.88,27.41,27.48,500,27.48
2015-04-23,26.825,27.505,26.82,27.455,800,27.455
2015-04-24,27.255,27.72,27.25,27.605,1800,27.605
2015-04-27,27.6,28.34,27.6,28.27,2700,28.27
2015-04-28,28.25,28.44,28.085,28.34,3200,28.34
2015-04-29,28.23,28.23,27.915,27.915,5000,27.915
2015-04-30,27.38,27.515,26.55,26.635,3300,26.635
2015-05-04,26.58,26.925,26.11,26.32,7900,26.32
2015-05-05,26.405,26.525,25.94,25.95,12800,25.95
2015-05-06,25.94,25.94,25.57,25.645,3100,25.645
2015-05-07,25.5,25.935,24.77,25.83,35700,25.83
2015-05-08,25.86,26.66,25.735,26.66,3000,26.66
2015-05-11,26.745,26.88,26.695,26.595,2400,26.595
2015-05-12,26.545,27.02,26.36,27.01,1100,27.01
2015-05-13,27.1,27.33,27.09,27.435,1700,27.435
2015-05-14,27.22,28.11,27.22,28.01,11300,28.01
2015-05-15,28.02,28.435,27.99,28.255,4800,28.255
2015-05-18,28.2,28.7,28.2,28.67,3000,28.67
2015-05-19,28.745,29.295,28.745,29.1,6300,29.1
2015-05-20,28.665,29.11,28.665,29.12,800,29.12
2015-05-21,29.3,29.3,29.15,28.575,700,28.575
2015-05-22,29.135,29.135,28.05,28.515,3300,28.515
2015-05-25,28.525,28.525,28.23,28.08,1700,28.08
2015-05-26,28.05,28.115,27.69,27.625,2300,27.625
2015-05-27,27.7,27.7,27.61,27.94,400,27.94
2015-05-28,27.6,27.72,27.49,27.485,700,27.485
2015-05-29,27.35,27.42,27.2,27.03,1000,27.03
2015-06-01,27.0,27.305,26.31,26.36,8400,26.36
2015-06-02,26.41,26.41,25.96,25.995,2500,25.995
2015-06-03,26.1,26.475,26.055,26.39,1300,26.39
2015-06-04,26.11,26.345,25.45,26.16,3400,26.16
2015-06-05,26.195,26.47,26.195,26.325,3100,26.325
2015-06-08,25.5,25.5,23.9,24.275,72900,24.275
2015-06-09,24.16,24.595,24.085,24.3,5700,24.3
2015-06-10,24.355,24.725,24.28,24.7,5700,24.7
2015-06-11,24.75,25.355,24.55,25.34,4400,25.34
2015-06-12,25.305,25.58,25.215,25.14,21600,25.14
2015-06-15,24.8,24.97,24.7,24.66,4100,24.66
2015-06-16,24.5,24.985,24.5,24.93,400,24.93
2015-06-17,25.0,25.18,24.875,25.07,200,25.07
2015-06-18,24.72,25.39,24.72,25.24,1900,25.24
2015-06-19,25.69,25.975,25.12,25.89,5400,25.89
2015-06-22,26.045,26.395,25.705,26.335,6800,26.335
2015-06-23,26.7,26.7,26.4,26.605,16700,26.605
2015-06-24,26.685,26.89,25.5,26.84,4600,26.84
2015-06-25,26.84,27.01,26.67,26.755,2800,26.755
2015-06-26,26.54,26.755,26.54,26.81,500,26.81
2015-06-29,26.265,26.31,26.0,25.9,2000,25.9
2015-06-30,26.05,26.05,25.95,26.255,1500,26.255
2015-07-02,26.075,26.11,25.76,26.1,800,26.1
2015-07-03,25.915,25.915,25.87,25.935,500,25.935
2015-07-06,26.0,26.44,26.0,26.455,12200,26.455
2015-07-07,26.56,26.74,26.55,26.3,900,26.3
2015-07-08,26.0,26.05,25.705,25.745,2700,25.745
2015-07-09,25.81,26.26,25.81,26.435,300,26.435
2015-07-10,26.5,26.52,26.5,26.525,200,26.525
2015-07-13,26.595,27.015,26.595,27.155,800,27.155
2015-07-14,27.3,27.585,27.28,27.26,12900,27.26
2015-07-15,27.385,27.385,27.15,27.135,300,27.135
2015-07-16,26.465,27.27,26.465,27.36,1100,27.36
2015-07-17,27.3,27.39,27.2,27.465,7600,27.465
2015-07-20,26.64,26.99,26.26,26.515,2600,26.515
2015-07-21,26.43,26.43,26.43,26.335,200,26.335
2015-07-22,26.25,26.25,25.8,26.03,600,26.03
2015-07-23,25.55,25.965,24.93,25.165,19500,25.165
2015-07-24,24.87,25.0,24.7,25.005,3300,25.005
2015-07-27,24.585,24.81,24.0,24.005,8600,24.005
2015-07-28,24.35,24.705,24.35,24.67,1700,24.67
2015-07-29,24.31,24.31,24.3,24.675,2900,24.675
2015-07-30,24.67,24.67,24.585,24.51,1100,24.51
2015-07-31,24.72,25.125,24.655,25.125,3200,25.125
2015-08-03,24.895,24.995,24.47,24.6,600,24.6
2015-08-04,24.695,24.695,24.67,24.69,300,24.69
2015-08-05,24.67,24.67,24.61,24.695,100,24.695
2015-08-06,24.68,24.82,24.65,24.83,1100,24.83
2015-08-07,24.865,24.865,24.28,24.655,200,24.655
2015-08-10,24.5,24.55,24.405,24.505,1200,24.505
2015-08-11,24.79,25.1,24.79,24.875,2700,24.875
2015-08-12,24.665,24.665,24.3,24.235,500,24.235
2015-08-13,24.1,24.12,23.35,23.525,5300,23.525
2015-08-14,23.4,23.515,23.4,23.525,200,23.525
2015-08-17,23.37,23.43,23.045,23.295,900,23.295
2015-08-18,23.04,23.11,22.7,22.805,2500,22.805
2015-08-19,22.795,22.885,22.12,22.12,1500,22.12
